{"stats":{"minecraft:custom":{"minecraft:time_since_rest":3648526,"minecraft:sprint_one_cm":81441,"minecraft:crouch_one_cm":2019,"minecraft:play_time":3662047,"minecraft:deaths":1,"minecraft:walk_one_cm":173148,"minecraft:sneak_time":2157,"minecraft:jump":205,"minecraft:leave_game":5,"minecraft:time_since_death":3648500,"minecraft:climb_one_cm":91,"minecraft:total_world_time":8780000,"minecraft:fly_one_cm":651955},"minecraft:used":{"minecraft:bedrock":3,"minecraft:dark_oak_stairs":3,"minecraft:dark_oak_planks":10,"minecraft:diorite":1,"minecraft:acacia_stairs":18,"minecraft:stripped_acacia_log":2,"minecraft:lantern":5,"minecraft:spruce_slab":2,"minecraft:spruce_stairs":1,"minecraft:oak_planks":1,"minecraft:acacia_slab":4,"minecraft:acacia_fence":5,"minecraft:oak_sign":1,"minecraft:deepslate_tile_slab":3,"minecraft:dark_oak_slab":10,"minecraft:acacia_planks":4,"minecraft:cobbled_deepslate":4,"minecraft:mossy_stone_brick_wall":1,"minecraft:glow_ink_sac":1,"minecraft:stripped_spruce_log":28,"minecraft:deepslate":1}},"DataVersion":3700}