{
  "alarm": {
    "category": "block",
	"subtitle": "*Alarm Noises*",
    "sounds": [
      {
        "name": "alarm",
        "stream": true
      }
    ]
  },
  "alarm2": {
    "category": "block",
	"subtitle": "Alarm Wails",
    "sounds": [
      {
        "name": "alarm2",
        "stream": true
      }
    ]
  },
  "drone_target": {
    "category": "block",
	"subtitle": "Drone Prepares to Obliterate its Target",
    "sounds": [
      {
        "name": "drone_target",
        "stream": true
      }
    ]
  }
}
