{
    "elements": [
        {
            "from": [3, 0, 3],
            "to": [13, 1, 13],
            "faces": {
                "down": { "uv": [3, 3, 13, 13], "texture": "base"},
                "up": { "uv": [3, 3, 13, 13], "texture": "base"},
                "north": { "uv": [3, 0, 13, 1], "texture": "base"},
                "south": { "uv": [3, 0, 13, 1], "texture": "base"},
                "east": { "uv": [3, 0, 13, 1], "texture": "base"},
                "west": { "uv": [3, 0, 13, 1], "texture": "base"}
            }
        },
        {
            "from": [4, 1, 4],
            "to": [12, 6, 12],
            "faces": {
                "down": { "uv": [4, 4, 12, 12], "texture": "button"},
                "up": { "uv": [4, 4, 12, 12], "texture": "button"},
                "north": { "uv": [4, 1, 12, 6], "texture": "button"},
                "south": { "uv": [4, 1, 12, 6], "texture": "button"},
                "east": { "uv": [4, 1, 12, 6], "texture": "button"},
                "west": { "uv": [4, 1, 12, 6], "texture": "button"}
            }
        }
    ],
    "display": {
        "thirdperson_righthand": {"rotation": [80, 0, 0], "translation": [0, 2, 2], "scale": [0.375, 0.375, 0.375]},
        "firstperson_righthand": {"rotation": [80, 0, 0], "translation": [0, 2, 2], "scale": [0.375, 0.375, 0.375]},
        "thirdperson_lefthand": {"rotation": [80, 0, 0], "translation": [0, 2, 2], "scale": [0.375, 0.375, 0.375]},
        "firstperson_lefthand": {"rotation": [80, 0, 0], "translation": [0, 2, 2], "scale": [0.375, 0.375, 0.375]},
        "gui": {"rotation": [20, 45, 0], "translation": [0, 3, 0], "scale": [1, 1, 1]},
        "head": {"rotation": [0, 0, 0], "translation": [0, -6.15, 0], "scale": [2.32, 2.32, 2.32]},
        "ground": {"rotation": [0, 0, 0], "translation": [0, 0, 0], "scale": [0.375, 0.375, 0.375]}
    }
}