{
	"credit": "Made with Blockbench",
	"parent": "stonesword",
	"texture_size": [32, 32],
	"textures": {
		"0": "item/stone_texture",
		"particle": "item/_stonetexture"
	},
	"elements": [
		{
			"from": [7, 0, 6],
			"to": [9, 17, 7],
			"rotation": {"angle": 0, "axis": "y", "origin": [8, 9.55556, 6.5]},
			"faces": {
				"north": {"uv": [0, 0, 1, 8.5], "texture": "#0"},
				"east": {"uv": [2, 0, 2.5, 8.5], "texture": "#0"},
				"south": {"uv": [1, 0, 2, 8.5], "texture": "#0"},
				"west": {"uv": [2.5, 0, 3, 8.5], "texture": "#0"},
				"up": {"uv": [9, 6, 8, 5.5], "texture": "#0"},
				"down": {"uv": [9, 6, 8, 6.5], "texture": "#0"}
			}
		},
		{
			"from": [7.5, 17, 6],
			"to": [8.5, 24, 7],
			"rotation": {"angle": 0, "axis": "y", "origin": [8, 9.55556, 6.5]},
			"faces": {
				"north": {"uv": [4.5, 5, 5, 8.5], "texture": "#0"},
				"east": {"uv": [5, 5, 5.5, 8.5], "texture": "#0"},
				"south": {"uv": [5.5, 0, 6, 3.5], "texture": "#0"},
				"west": {"uv": [5.5, 3.5, 6, 7], "texture": "#0"},
				"up": {"uv": [6.5, 9.5, 6, 9], "texture": "#0"},
				"down": {"uv": [9.5, 6, 9, 6.5], "texture": "#0"}
			}
		},
		{
			"from": [8.5, 17, 6],
			"to": [8.75, 22, 7],
			"rotation": {"angle": 0, "axis": "y", "origin": [8, 9.55556, 6.5]},
			"faces": {
				"north": {"uv": [6, 6, 6.5, 8.5], "texture": "#0"},
				"east": {"uv": [6.5, 6, 7, 8.5], "texture": "#0"},
				"south": {"uv": [7, 0, 7.5, 2.5], "texture": "#0"},
				"west": {"uv": [7, 2.5, 7.5, 5], "texture": "#0"},
				"up": {"uv": [7, 9.5, 6.5, 9], "texture": "#0"},
				"down": {"uv": [9.5, 6.5, 9, 7], "texture": "#0"}
			}
		},
		{
			"from": [10, 7, 6],
			"to": [12, 7.25, 7],
			"rotation": {"angle": 0, "axis": "y", "origin": [8, 9.55556, 6.5]},
			"faces": {
				"north": {"uv": [8, 6.5, 9, 7], "texture": "#0"},
				"east": {"uv": [7, 9, 7.5, 9.5], "texture": "#0"},
				"south": {"uv": [8, 7, 9, 7.5], "texture": "#0"},
				"west": {"uv": [9, 7, 9.5, 7.5], "texture": "#0"},
				"up": {"uv": [8.5, 8.5, 7.5, 8], "texture": "#0"},
				"down": {"uv": [9, 7.5, 8, 8], "texture": "#0"}
			}
		},
		{
			"from": [4, 7, 6],
			"to": [6, 7.25, 7],
			"rotation": {"angle": 0, "axis": "y", "origin": [8, 9.55556, 6.5]},
			"faces": {
				"north": {"uv": [0, 8.5, 1, 9], "texture": "#0"},
				"east": {"uv": [7.5, 9, 8, 9.5], "texture": "#0"},
				"south": {"uv": [8.5, 0, 9.5, 0.5], "texture": "#0"},
				"west": {"uv": [9, 7.5, 9.5, 8], "texture": "#0"},
				"up": {"uv": [9.5, 1, 8.5, 0.5], "texture": "#0"},
				"down": {"uv": [2, 8.5, 1, 9], "texture": "#0"}
			}
		},
		{
			"from": [9, 6, 5.75],
			"to": [10, 7, 6],
			"rotation": {"angle": 0, "axis": "y", "origin": [8, 9.55556, 6.5]},
			"faces": {
				"north": {"uv": [8, 9, 8.5, 9.5], "texture": "#0"},
				"east": {"uv": [8.5, 9, 9, 9.5], "texture": "#0"},
				"south": {"uv": [9, 9, 9.5, 9.5], "texture": "#0"},
				"west": {"uv": [0, 9.5, 0.5, 10], "texture": "#0"},
				"up": {"uv": [10, 0.5, 9.5, 0], "texture": "#0"},
				"down": {"uv": [1, 9.5, 0.5, 10], "texture": "#0"}
			}
		},
		{
			"from": [6, 6, 5.75],
			"to": [7, 7, 6],
			"rotation": {"angle": 0, "axis": "y", "origin": [8, 9.55556, 6.5]},
			"faces": {
				"north": {"uv": [9.5, 0.5, 10, 1], "texture": "#0"},
				"east": {"uv": [1, 9.5, 1.5, 10], "texture": "#0"},
				"south": {"uv": [9.5, 1, 10, 1.5], "texture": "#0"},
				"west": {"uv": [1.5, 9.5, 2, 10], "texture": "#0"},
				"up": {"uv": [10, 2, 9.5, 1.5], "texture": "#0"},
				"down": {"uv": [2.5, 9.5, 2, 10], "texture": "#0"}
			}
		},
		{
			"from": [6, 6, 7],
			"to": [7, 7, 7.25],
			"rotation": {"angle": 0, "axis": "y", "origin": [8, 9.55556, 6.5]},
			"faces": {
				"north": {"uv": [9.5, 2, 10, 2.5], "texture": "#0"},
				"east": {"uv": [2.5, 9.5, 3, 10], "texture": "#0"},
				"south": {"uv": [9.5, 2.5, 10, 3], "texture": "#0"},
				"west": {"uv": [9.5, 3, 10, 3.5], "texture": "#0"},
				"up": {"uv": [10, 4, 9.5, 3.5], "texture": "#0"},
				"down": {"uv": [10, 4, 9.5, 4.5], "texture": "#0"}
			}
		},
		{
			"from": [9, 6, 7],
			"to": [10, 7, 7.25],
			"rotation": {"angle": 0, "axis": "y", "origin": [8, 9.55556, 6.5]},
			"faces": {
				"north": {"uv": [4.5, 9.5, 5, 10], "texture": "#0"},
				"east": {"uv": [9.5, 4.5, 10, 5], "texture": "#0"},
				"south": {"uv": [5, 9.5, 5.5, 10], "texture": "#0"},
				"west": {"uv": [9.5, 5, 10, 5.5], "texture": "#0"},
				"up": {"uv": [6, 10, 5.5, 9.5], "texture": "#0"},
				"down": {"uv": [6.5, 9.5, 6, 10], "texture": "#0"}
			}
		},
		{
			"from": [7, 5, 7],
			"to": [9, 8, 7.25],
			"rotation": {"angle": 0, "axis": "y", "origin": [8, 9.55556, 6.5]},
			"faces": {
				"north": {"uv": [6, 0, 7, 1.5], "texture": "#0"},
				"east": {"uv": [7.5, 5, 8, 6.5], "texture": "#0"},
				"south": {"uv": [6, 1.5, 7, 3], "texture": "#0"},
				"west": {"uv": [7.5, 6.5, 8, 8], "texture": "#0"},
				"up": {"uv": [9.5, 1.5, 8.5, 1], "texture": "#0"},
				"down": {"uv": [3, 8.5, 2, 9], "texture": "#0"}
			}
		},
		{
			"from": [7, 5, 5.75],
			"to": [9, 8, 6],
			"rotation": {"angle": 0, "axis": "y", "origin": [8, 9.55556, 6.5]},
			"faces": {
				"north": {"uv": [6, 3, 7, 4.5], "texture": "#0"},
				"east": {"uv": [7, 7.5, 7.5, 9], "texture": "#0"},
				"south": {"uv": [6, 4.5, 7, 6], "texture": "#0"},
				"west": {"uv": [8, 0, 8.5, 1.5], "texture": "#0"},
				"up": {"uv": [5.5, 9, 4.5, 8.5], "texture": "#0"},
				"down": {"uv": [7, 8.5, 6, 9], "texture": "#0"}
			}
		},
		{
			"from": [7.5, 8, 5.75],
			"to": [8.5, 18, 6],
			"rotation": {"angle": 0, "axis": "y", "origin": [8, 9.55556, 6.5]},
			"faces": {
				"north": {"uv": [3, 0, 3.5, 5], "texture": "#0"},
				"east": {"uv": [3.5, 0, 4, 5], "texture": "#0"},
				"south": {"uv": [4, 0, 4.5, 5], "texture": "#0"},
				"west": {"uv": [4.5, 0, 5, 5], "texture": "#0"},
				"up": {"uv": [10, 6.5, 9.5, 6], "texture": "#0"},
				"down": {"uv": [7, 9.5, 6.5, 10], "texture": "#0"}
			}
		},
		{
			"from": [7.5, 8, 7],
			"to": [8.5, 18, 7.25],
			"rotation": {"angle": 0, "axis": "y", "origin": [8, 9.55556, 6.5]},
			"faces": {
				"north": {"uv": [5, 0, 5.5, 5], "texture": "#0"},
				"east": {"uv": [3, 5, 3.5, 10], "texture": "#0"},
				"south": {"uv": [3.5, 5, 4, 10], "texture": "#0"},
				"west": {"uv": [4, 5, 4.5, 10], "texture": "#0"},
				"up": {"uv": [10, 7, 9.5, 6.5], "texture": "#0"},
				"down": {"uv": [7.5, 9.5, 7, 10], "texture": "#0"}
			}
		},
		{
			"from": [5, 5.75, 6],
			"to": [7, 6, 7],
			"rotation": {"angle": 0, "axis": "y", "origin": [8, 9.55556, 6.5]},
			"faces": {
				"north": {"uv": [7.5, 8.5, 8.5, 9], "texture": "#0"},
				"east": {"uv": [9.5, 7, 10, 7.5], "texture": "#0"},
				"south": {"uv": [8.5, 8, 9.5, 8.5], "texture": "#0"},
				"west": {"uv": [7.5, 9.5, 8, 10], "texture": "#0"},
				"up": {"uv": [9.5, 9, 8.5, 8.5], "texture": "#0"},
				"down": {"uv": [1, 9, 0, 9.5], "texture": "#0"}
			}
		},
		{
			"from": [9, 5.75, 6],
			"to": [11, 6, 7],
			"rotation": {"angle": 0, "axis": "y", "origin": [8, 9.55556, 6.5]},
			"faces": {
				"north": {"uv": [1, 9, 2, 9.5], "texture": "#0"},
				"east": {"uv": [9.5, 7.5, 10, 8], "texture": "#0"},
				"south": {"uv": [2, 9, 3, 9.5], "texture": "#0"},
				"west": {"uv": [8, 9.5, 8.5, 10], "texture": "#0"},
				"up": {"uv": [5.5, 9.5, 4.5, 9], "texture": "#0"},
				"down": {"uv": [10, 5.5, 9, 6], "texture": "#0"}
			}
		},
		{
			"from": [7.25, 17, 6],
			"to": [7.5, 22, 7],
			"rotation": {"angle": 0, "axis": "y", "origin": [8, 9.55556, 6.5]},
			"faces": {
				"north": {"uv": [7, 5, 7.5, 7.5], "texture": "#0"},
				"east": {"uv": [5.5, 7, 6, 9.5], "texture": "#0"},
				"south": {"uv": [7.5, 0, 8, 2.5], "texture": "#0"},
				"west": {"uv": [7.5, 2.5, 8, 5], "texture": "#0"},
				"up": {"uv": [10, 8.5, 9.5, 8], "texture": "#0"},
				"down": {"uv": [9, 9.5, 8.5, 10], "texture": "#0"}
			}
		},
		{
			"from": [4, 6, 6],
			"to": [7, 7, 7],
			"rotation": {"angle": 0, "axis": "y", "origin": [8, 9.55556, 6.5]},
			"faces": {
				"north": {"uv": [8, 1.5, 9.5, 2], "texture": "#0"},
				"east": {"uv": [9.5, 8.5, 10, 9], "texture": "#0"},
				"south": {"uv": [8, 2, 9.5, 2.5], "texture": "#0"},
				"west": {"uv": [9, 9.5, 9.5, 10], "texture": "#0"},
				"up": {"uv": [9.5, 3, 8, 2.5], "texture": "#0"},
				"down": {"uv": [9.5, 3, 8, 3.5], "texture": "#0"}
			}
		},
		{
			"from": [9, 6, 6],
			"to": [12, 7, 7],
			"rotation": {"angle": 0, "axis": "y", "origin": [8, 9.55556, 6.5]},
			"faces": {
				"north": {"uv": [8, 3.5, 9.5, 4], "texture": "#0"},
				"east": {"uv": [9.5, 9, 10, 9.5], "texture": "#0"},
				"south": {"uv": [8, 4, 9.5, 4.5], "texture": "#0"},
				"west": {"uv": [9.5, 9.5, 10, 10], "texture": "#0"},
				"up": {"uv": [9.5, 5, 8, 4.5], "texture": "#0"},
				"down": {"uv": [9.5, 5, 8, 5.5], "texture": "#0"}
			}
		}
	],
	"display": {
		"thirdperson_righthand": {
			"rotation": [0, 90, 0],
			"translation": [1.5, 3, 2]
		},
		"thirdperson_lefthand": {
			"rotation": [0, 90, 0],
			"translation": [1.5, 3, 3]
		},
		"firstperson_righthand": {
			"rotation": [10, 90, -20],
			"translation": [2.25, 2.5, -0.25]
		},
		"firstperson_lefthand": {
			"rotation": [10, 90, -20],
			"translation": [2.25, 2.5, -0.25]
		},
		"ground": {
			"rotation": [90, 0, 0],
			"translation": [0, -4.5, -3],
			"scale": [0.81055, 0.81055, 0.81055]
		},
		"gui": {
			"rotation": [0, 0, -45],
			"translation": [-1.75, -2, 0],
			"scale": [0.78516, 0.78516, 0.78516]
		},
		"head": {
			"rotation": [-45, 90, 0],
			"translation": [1.5, 9, -9]
		},
		"fixed": {
			"rotation": [0, 0, 45],
			"translation": [2.75, -2.75, 0]
		}
	},
	"groups": [
		{
			"name": "woodsword",
			"origin": [8, 8, 8],
			"color": 0,
			"children": [0, 1, 2, 3, 4, 5, 6, 7, 8, 9, 10, 11, 12, 13, 14, 15, 16, 17]
		}
	]
}