{"stats":{"minecraft:custom":{"minecraft:time_since_rest":28877,"minecraft:sprint_one_cm":93514,"minecraft:damage_taken":1580,"minecraft:walk_one_cm":291011,"minecraft:mob_kills":8,"minecraft:drop":1,"minecraft:damage_dealt":1904,"minecraft:fly_one_cm":379721,"minecraft:crouch_one_cm":6206,"minecraft:open_shulker_box":1,"minecraft:play_time":131195,"minecraft:deaths":1,"minecraft:sneak_time":3144,"minecraft:interact_with_lectern":14,"minecraft:jump":430,"minecraft:leave_game":5,"minecraft:time_since_death":28856,"minecraft:total_world_time":1153973,"minecraft:fall_one_cm":19745},"minecraft:used":{"minecraft:wooden_axe":4,"minecraft:lever":8,"minecraft:writable_book":3,"minecraft:lava_bucket":33,"minecraft:dirt_path":2,"minecraft:command_block":11,"minecraft:grass_block":49,"minecraft:spruce_slab":7,"minecraft:redstone":23,"minecraft:netherite_axe":19,"minecraft:stone_button":5,"minecraft:oak_sign":7,"minecraft:lectern":1,"minecraft:spruce_planks":83,"minecraft:redstone_block":4,"minecraft:cauldron":87,"minecraft:iron_door":7,"minecraft:brown_shulker_box":1,"minecraft:glow_ink_sac":5,"minecraft:gravel":1,"minecraft:oak_leaves":14,"minecraft:bedrock":12,"minecraft:spruce_leaves":151,"minecraft:purple_concrete":94,"minecraft:dirt":29,"minecraft:warped_stairs":3,"minecraft:comparator":5,"minecraft:light_blue_dye":5,"minecraft:tnt":30,"minecraft:crimson_stairs":3,"minecraft:oak_sapling":20,"minecraft:spruce_stairs":36,"minecraft:repeating_command_block":10,"minecraft:coarse_dirt":5,"minecraft:spruce_fence":6,"minecraft:spruce_log":14,"minecraft:blue_concrete":87,"minecraft:bone_meal":28},"minecraft:dropped":{"minecraft:slime_ball":1},"minecraft:killed":{"minecraft:shulker":5},"minecraft:picked_up":{"minecraft:coarse_dirt":3,"minecraft:stone":1,"minecraft:oak_door":3,"minecraft:slime_ball":401,"minecraft:oak_sapling":9}},"DataVersion":2865}