{
    "parent": "block/birch_button_inventory",
    "overrides": [
        {"predicate": {"custom_model_data": 10000}, "model": "item/devices/heavy_duty_lever_on"},
        {"predicate": {"custom_model_data": 10001}, "model": "item/devices/heavy_duty_lever_off"},
        {"predicate": {"custom_model_data": 10002}, "model": "item/devices/keypad"},
        {"predicate": {"custom_model_data": 10003}, "model": "item/devices/keypad_accept"},
        {"predicate": {"custom_model_data": 10004}, "model": "item/devices/keycard_reader"},
        {"predicate": {"custom_model_data": 10005}, "model": "item/devices/keycard_reader_accept"},
        {"predicate": {"custom_model_data": 10006}, "model": "item/devices/defense_drone"},
        {"predicate": {"custom_model_data": 10007}, "model": "item/devices/defense_drone_hostile"},
        {"predicate": {"custom_model_data": 10008}, "model": "item/devices/turret_base"},
        {"predicate": {"custom_model_data": 10009}, "model": "item/devices/turret"},
        {"predicate": {"custom_model_data": 10010}, "model": "item/button/white_button_on"},
        {"predicate": {"custom_model_data": 10011}, "model": "item/button/orange_button_on"},
        {"predicate": {"custom_model_data": 10012}, "model": "item/button/magenta_button_on"},
        {"predicate": {"custom_model_data": 10013}, "model": "item/button/light_blue_button_on"},
        {"predicate": {"custom_model_data": 10014}, "model": "item/button/yellow_button_on"},
        {"predicate": {"custom_model_data": 10015}, "model": "item/button/lime_button_on"},
        {"predicate": {"custom_model_data": 10016}, "model": "item/button/pink_button_on"},
        {"predicate": {"custom_model_data": 10017}, "model": "item/button/gray_button_on"},
        {"predicate": {"custom_model_data": 10018}, "model": "item/button/light_gray_button_on"},
        {"predicate": {"custom_model_data": 10019}, "model": "item/button/cyan_button_on"},
        {"predicate": {"custom_model_data": 10020}, "model": "item/button/purple_button_on"},
        {"predicate": {"custom_model_data": 10021}, "model": "item/button/blue_button_on"},
        {"predicate": {"custom_model_data": 10022}, "model": "item/button/brown_button_on"},
        {"predicate": {"custom_model_data": 10023}, "model": "item/button/green_button_on"},
        {"predicate": {"custom_model_data": 10024}, "model": "item/button/red_button_on"},
        {"predicate": {"custom_model_data": 10025}, "model": "item/button/black_button_on"},
        {"predicate": {"custom_model_data": 10026}, "model": "item/button/white_button_off"},
        {"predicate": {"custom_model_data": 10027}, "model": "item/button/orange_button_off"},
        {"predicate": {"custom_model_data": 10028}, "model": "item/button/magenta_button_off"},
        {"predicate": {"custom_model_data": 10029}, "model": "item/button/light_blue_button_off"},
        {"predicate": {"custom_model_data": 10030}, "model": "item/button/yellow_button_off"},
        {"predicate": {"custom_model_data": 10031}, "model": "item/button/lime_button_off"},
        {"predicate": {"custom_model_data": 10032}, "model": "item/button/pink_button_off"},
        {"predicate": {"custom_model_data": 10033}, "model": "item/button/gray_button_off"},
        {"predicate": {"custom_model_data": 10034}, "model": "item/button/light_gray_button_off"},
        {"predicate": {"custom_model_data": 10035}, "model": "item/button/cyan_button_off"},
        {"predicate": {"custom_model_data": 10036}, "model": "item/button/purple_button_off"},
        {"predicate": {"custom_model_data": 10037}, "model": "item/button/blue_button_off"},
        {"predicate": {"custom_model_data": 10038}, "model": "item/button/brown_button_off"},
        {"predicate": {"custom_model_data": 10039}, "model": "item/button/green_button_off"},
        {"predicate": {"custom_model_data": 10040}, "model": "item/button/red_button_off"},
        {"predicate": {"custom_model_data": 10041}, "model": "item/button/black_button_off"},
        {"predicate": {"custom_model_data": 10042}, "model": "item/alarm/white_alarm_light"},
        {"predicate": {"custom_model_data": 10043}, "model": "item/alarm/orange_alarm_light"},
        {"predicate": {"custom_model_data": 10044}, "model": "item/alarm/magenta_alarm_light"},
        {"predicate": {"custom_model_data": 10045}, "model": "item/alarm/light_blue_alarm_light"},
        {"predicate": {"custom_model_data": 10046}, "model": "item/alarm/yellow_alarm_light"},
        {"predicate": {"custom_model_data": 10047}, "model": "item/alarm/lime_alarm_light"},
        {"predicate": {"custom_model_data": 10048}, "model": "item/alarm/pink_alarm_light"},
        {"predicate": {"custom_model_data": 10049}, "model": "item/alarm/gray_alarm_light"},
        {"predicate": {"custom_model_data": 10050}, "model": "item/alarm/light_gray_alarm_light"},
        {"predicate": {"custom_model_data": 10051}, "model": "item/alarm/cyan_alarm_light"},
        {"predicate": {"custom_model_data": 10052}, "model": "item/alarm/purple_alarm_light"},
        {"predicate": {"custom_model_data": 10053}, "model": "item/alarm/blue_alarm_light"},
        {"predicate": {"custom_model_data": 10054}, "model": "item/alarm/brown_alarm_light"},
        {"predicate": {"custom_model_data": 10055}, "model": "item/alarm/green_alarm_light"},
        {"predicate": {"custom_model_data": 10056}, "model": "item/alarm/red_alarm_light"},
        {"predicate": {"custom_model_data": 10057}, "model": "item/alarm/black_alarm_light"}
    ]
}