{
    "parent": "item/generated",
    "textures": {
        "layer0": "item/rabbit_foot"
    },
    "overrides": [
        {"predicate": {"custom_model_data": 10000}, "model": "item/glows/white_glow"},
        {"predicate": {"custom_model_data": 10001}, "model": "item/glows/orange_glow"},
        {"predicate": {"custom_model_data": 10002}, "model": "item/glows/magenta_glow"},
        {"predicate": {"custom_model_data": 10003}, "model": "item/glows/light_blue_glow"},
        {"predicate": {"custom_model_data": 10004}, "model": "item/glows/yellow_glow"},
        {"predicate": {"custom_model_data": 10005}, "model": "item/glows/lime_glow"},
        {"predicate": {"custom_model_data": 10006}, "model": "item/glows/pink_glow"},
        {"predicate": {"custom_model_data": 10007}, "model": "item/glows/gray_glow"},
        {"predicate": {"custom_model_data": 10008}, "model": "item/glows/light_gray_glow"},
        {"predicate": {"custom_model_data": 10009}, "model": "item/glows/cyan_glow"},
        {"predicate": {"custom_model_data": 10010}, "model": "item/glows/purple_glow"},
        {"predicate": {"custom_model_data": 10011}, "model": "item/glows/blue_glow"},
        {"predicate": {"custom_model_data": 10012}, "model": "item/glows/brown_glow"},
        {"predicate": {"custom_model_data": 10013}, "model": "item/glows/green_glow"},
        {"predicate": {"custom_model_data": 10014}, "model": "item/glows/red_glow"},
        {"predicate": {"custom_model_data": 10015}, "model": "item/glows/black_glow"},
        {"predicate": {"custom_model_data": 10016}, "model": "item/alarm/white_alarm_light"},
        {"predicate": {"custom_model_data": 10017}, "model": "item/alarm/orange_alarm_light"},
        {"predicate": {"custom_model_data": 10018}, "model": "item/alarm/magenta_alarm_light"},
        {"predicate": {"custom_model_data": 10019}, "model": "item/alarm/light_blue_alarm_light"},
        {"predicate": {"custom_model_data": 10020}, "model": "item/alarm/yellow_alarm_light"},
        {"predicate": {"custom_model_data": 10021}, "model": "item/alarm/lime_alarm_light"},
        {"predicate": {"custom_model_data": 10022}, "model": "item/alarm/pink_alarm_light"},
        {"predicate": {"custom_model_data": 10023}, "model": "item/alarm/gray_alarm_light"},
        {"predicate": {"custom_model_data": 10024}, "model": "item/alarm/light_gray_alarm_light"},
        {"predicate": {"custom_model_data": 10025}, "model": "item/alarm/cyan_alarm_light"},
        {"predicate": {"custom_model_data": 10026}, "model": "item/alarm/purple_alarm_light"},
        {"predicate": {"custom_model_data": 10027}, "model": "item/alarm/blue_alarm_light"},
        {"predicate": {"custom_model_data": 10028}, "model": "item/alarm/brown_alarm_light"},
        {"predicate": {"custom_model_data": 10029}, "model": "item/alarm/green_alarm_light"},
        {"predicate": {"custom_model_data": 10030}, "model": "item/alarm/red_alarm_light"},
        {"predicate": {"custom_model_data": 10031}, "model": "item/alarm/black_alarm_light"},
        {"predicate": {"custom_model_data": 10032}, "model": "item/devices/keycard_reader"},
        {"predicate": {"custom_model_data": 10033}, "model": "item/devices/keycard_reader_accept"},
        {"predicate": {"custom_model_data": 10034}, "model": "item/fields/force_field11"},
        {"predicate": {"custom_model_data": 10035}, "model": "item/fields/force_field12"},
        {"predicate": {"custom_model_data": 10036}, "model": "item/fields/force_field13"},
        {"predicate": {"custom_model_data": 10037}, "model": "item/fields/force_field14"},
        {"predicate": {"custom_model_data": 10038}, "model": "item/fields/force_field15"},
        {"predicate": {"custom_model_data": 10039}, "model": "item/fields/force_field21"},
        {"predicate": {"custom_model_data": 10040}, "model": "item/fields/force_field22"},
        {"predicate": {"custom_model_data": 10041}, "model": "item/fields/force_field23"},
        {"predicate": {"custom_model_data": 10042}, "model": "item/fields/force_field24"},
        {"predicate": {"custom_model_data": 10043}, "model": "item/fields/force_field25"},
        {"predicate": {"custom_model_data": 10044}, "model": "item/fields/force_field31"},
        {"predicate": {"custom_model_data": 10045}, "model": "item/fields/force_field32"},
        {"predicate": {"custom_model_data": 10046}, "model": "item/fields/force_field33"},
        {"predicate": {"custom_model_data": 10047}, "model": "item/fields/force_field34"},
        {"predicate": {"custom_model_data": 10048}, "model": "item/fields/force_field35"},
        {"predicate": {"custom_model_data": 10049}, "model": "item/fields/force_field41"},
        {"predicate": {"custom_model_data": 10050}, "model": "item/fields/force_field42"},
        {"predicate": {"custom_model_data": 10051}, "model": "item/fields/force_field43"},
        {"predicate": {"custom_model_data": 10052}, "model": "item/fields/force_field44"},
        {"predicate": {"custom_model_data": 10053}, "model": "item/fields/force_field45"},
        {"predicate": {"custom_model_data": 10054}, "model": "item/fields/force_field51"},
        {"predicate": {"custom_model_data": 10055}, "model": "item/fields/force_field52"},
        {"predicate": {"custom_model_data": 10056}, "model": "item/fields/force_field53"},
        {"predicate": {"custom_model_data": 10057}, "model": "item/fields/force_field54"},
        {"predicate": {"custom_model_data": 10058}, "model": "item/fields/force_field55"},
        {"predicate": {"custom_model_data": 10059}, "model": "gui/encoder_gui"},
        {"predicate": {"custom_model_data": 10060}, "model": "gui/encoder_confirm"},
        {"predicate": {"custom_model_data": 10061}, "model": "gui/blank_item"},
        {"predicate": {"custom_model_data": 10062}, "model": "gui/crafter_gui"}
    ]
}