{"stats":{"minecraft:killed":{"minecraft:mooshroom":1},"minecraft:picked_up":{"minecraft:torch":2,"minecraft:stone_button":2,"minecraft:rotten_flesh":1,"minecraft:wheat_seeds":5},"minecraft:dropped":{"minecraft:wheat_seeds":4},"minecraft:custom":{"minecraft:time_since_rest":3065,"minecraft:sprint_one_cm":114839,"minecraft:interact_with_furnace":3,"minecraft:damage_taken":1480,"minecraft:walk_one_cm":176757,"minecraft:mob_kills":1,"minecraft:interact_with_anvil":1,"minecraft:drop":4,"minecraft:damage_dealt":10,"minecraft:swim_one_cm":39794,"minecraft:fly_one_cm":959677,"minecraft:play_one_minute":162733,"minecraft:crouch_one_cm":4339,"minecraft:deaths":3,"minecraft:sneak_time":6339,"minecraft:walk_under_water_one_cm":99919,"minecraft:jump":534,"minecraft:leave_game":5,"minecraft:time_since_death":3042,"minecraft:walk_on_water_one_cm":21879,"minecraft:fall_one_cm":13117},"minecraft:used":{"minecraft:black_terracotta":34,"minecraft:oak_fence":2,"minecraft:piston":1,"minecraft:lever":3,"minecraft:nether_brick_fence":2,"minecraft:water_bucket":56,"minecraft:iron_bars":10,"minecraft:command_block":4,"minecraft:red_wool":4,"minecraft:grass_block":19,"minecraft:iron_block":27,"minecraft:armor_stand":16,"minecraft:barrier":90,"minecraft:stone_button":16,"minecraft:andesite_slab":6,"minecraft:smooth_quartz":8,"minecraft:gravel":24,"minecraft:item_frame":2,"minecraft:bedrock":2,"minecraft:spruce_leaves":6,"minecraft:glowstone":4,"minecraft:red_carpet":21,"minecraft:dirt":36,"minecraft:anvil":1,"minecraft:yellow_terracotta":70,"minecraft:light_blue_wool":1,"minecraft:nether_bricks":5,"minecraft:andesite":120,"minecraft:andesite_stairs":17,"minecraft:bucket":94,"minecraft:glass_pane":20,"minecraft:skeleton_skull":1,"minecraft:smooth_stone_slab":230,"minecraft:cyan_wool":2,"minecraft:spruce_log":2,"minecraft:splash_potion":148}},"DataVersion":2230}