{"stats":{"minecraft:used":{"minecraft:redstone_torch":3,"minecraft:piston":1,"minecraft:dark_oak_planks":27,"minecraft:lever":9,"minecraft:honey_block":1,"minecraft:end_rod":1,"minecraft:command_block":1,"minecraft:lime_carpet":3,"minecraft:grass_block":19,"minecraft:redstone":6,"minecraft:barrier":5,"minecraft:stone_button":4,"minecraft:oak_pressure_plate":4,"minecraft:iron_door":1,"minecraft:dark_oak_button":1,"minecraft:bedrock":2,"minecraft:mooshroom_spawn_egg":2,"minecraft:dirt":17,"minecraft:cobblestone":4,"minecraft:dark_oak_door":3},"minecraft:custom":{"minecraft:time_since_rest":44174,"minecraft:sprint_one_cm":11842,"minecraft:damage_taken":60,"minecraft:walk_one_cm":53503,"minecraft:mob_kills":1,"minecraft:damage_dealt":160,"minecraft:fly_one_cm":57874,"minecraft:play_one_minute":66294,"minecraft:crouch_one_cm":28,"minecraft:deaths":1,"minecraft:sneak_time":166,"minecraft:walk_under_water_one_cm":11833,"minecraft:jump":142,"minecraft:leave_game":4,"minecraft:walk_on_water_one_cm":1658,"minecraft:time_since_death":44108,"minecraft:fall_one_cm":2341},"minecraft:mined":{"minecraft:grass_block":3,"minecraft:dirt":6},"minecraft:killed":{"minecraft:mooshroom":1},"minecraft:picked_up":{"minecraft:leather":2,"minecraft:stone_button":1,"minecraft:redstone":2,"minecraft:dirt":9,"minecraft:lime_carpet":1,"minecraft:wheat_seeds":1,"minecraft:lever":4,"minecraft:beef":3,"minecraft:redstone_torch":2,"minecraft:end_rod":1}},"DataVersion":2230}