{
    "parent": "gui/recipe_page",
    "textures": {
        "slot0": "gui/block/white_concrete",
        "slot1": "gui/block/white_concrete",
        "slot2": "gui/block/white_concrete",
        "slot3": "gui/block/any_stained_glass",
        "slot4": "gui/block/redstone_lamp",
        "slot5": "gui/block/any_stained_glass",
        "slot6": "gui/block/any_stained_glass",
        "slot7": "gui/block/any_stained_glass",
        "slot8": "gui/block/any_stained_glass",
        "slot_out": "gui/device/any_alarm"
    }
}