{ "source": "[120, -38, 99, 98, 21, -56, -51, -52, 75, 77, 46, 74, 76, 43, 81, 53, 118, 76, -52, 44, -78, 103, -112, 71, 22, 41, 46, -55, -49, 75, -75, 47, 75, 44, -54, 76, -52, 43, -79, 5, -13, 24, 100, -112, 21, -108, -25, -25, -25, -40, 39, -25, -25, -28, 23, -39, 38, -27, 36, 38, 103, 51, -120, 35, -53, 102, 22, -27, -25, -59, 39, -27, -28, 39, 103, -37, 51, -24, -94, -102, -101, 8, -28, -91, -60, 103, 36, 22, -91, -92, -126, 24, -55, 57, -119, -107, 80, 115, -46, -117, 82, 83, -13, 24, 58, 24, -65, 112, 122, 48, 0, 1, -108, -16, -128, 18, -44, 4, -116, 64, -52, -60, -56, -64, -60, -64, -92, 10, 100, 51, -87, -126, -39, -44, 4, 10, 12, 12, 2, 12, 10, 2, 75, 38, -86, 44, 96, 80, 16, 84, 1, -79, -121, -110, -7, -80, -16, 97, 105, -94, 126, -8, -80, 29, -128, 69, 45, 75, 3, 75, 3, 44, 126, 65, -94, -44, 49, 29, 97, -110, -54, 4, -107, 73, 96, -101, 60, 25, 24, -52, 110, 12, 37, -13, 105, 29, 62, -76, -117, 95, 70, 5, -80, 75, -121, 73, -6, -89, 85, -7, -128, -83, 124, 3, 0, -80, 63, 95, 88]",
"textures": {"obsidian": "minecraft:block/obsidian",
"hull": "minecraft:item/hull",
"eye": "minecraft:item/eye",
"turbines": "minecraft:item/turbine"},
"elements": [
{ "from": [9,6,6], "to": [9,7,7], "faces": { "east":  { "uv": [10,10,9,9], "texture": "#obsidian" } } },
{ "from": [9,9,6], "to": [9,10,7], "faces": { "east":  { "uv": [10,7,9,6], "texture": "#obsidian" } } },
{ "from": [9,5,7], "to": [9,7,11], "faces": { "east":  { "uv": [9,11,5,9], "texture": "#obsidian" } } },
{ "from": [9,6,11], "to": [9,7,12], "faces": { "east":  { "uv": [5,10,4,9], "texture": "#obsidian" } } },
{ "from": [9,9,9], "to": [9,10,10], "faces": { "east":  { "uv": [7,7,6,6], "texture": "#obsidian" } } },
{ "from": [10,9,7], "to": [10,10,9], "faces": { "east":  { "uv": [9,7,7,6], "texture": "#obsidian" } } },
{ "from": [6,9,7], "to": [6,10,9], "faces": { "west":  { "uv": [7,7,9,6], "texture": "#obsidian" } } },
{ "from": [7,6,6], "to": [7,7,7], "faces": { "west":  { "uv": [6,10,7,9], "texture": "#obsidian" } } },
{ "from": [7,9,6], "to": [7,10,7], "faces": { "west":  { "uv": [6,7,7,6], "texture": "#obsidian" } } },
{ "from": [7,5,7], "to": [7,7,11], "faces": { "west":  { "uv": [7,11,11,9], "texture": "#obsidian" } } },
{ "from": [7,6,11], "to": [7,7,12], "faces": { "west":  { "uv": [11,10,12,9], "texture": "#obsidian" } } },
{ "from": [7,9,9], "to": [7,10,10], "faces": { "west":  { "uv": [9,7,10,6], "texture": "#obsidian" } } },
{ "from": [7,7,10], "to": [9,7,12], "faces": { "up":  { "uv": [7,10,9,12], "texture": "#obsidian" } } },
{ "from": [7,10,6], "to": [9,10,7], "faces": { "up":  { "uv": [7,6,9,7], "texture": "#obsidian" } } },
{ "from": [6,10,7], "to": [10,10,9], "faces": { "up":  { "uv": [6,7,10,9], "texture": "#obsidian" } } },
{ "from": [7,10,9], "to": [9,10,10], "faces": { "up":  { "uv": [7,9,9,10], "texture": "#obsidian" } } },
{ "from": [7,5,7], "to": [9,5,11], "faces": { "down":  { "uv": [7,9,9,5], "texture": "#obsidian" } } },
{ "from": [7,6,6], "to": [9,6,7], "faces": { "down":  { "uv": [7,10,9,9], "texture": "#obsidian" } } },
{ "from": [6,9,9], "to": [7,10,9], "faces": { "south":  { "uv": [6,7,7,6], "texture": "#obsidian" } } },
{ "from": [9,9,9], "to": [10,10,9], "faces": { "south":  { "uv": [9,7,10,6], "texture": "#obsidian" } } },
{ "from": [7,9,10], "to": [9,10,10], "faces": { "south":  { "uv": [7,7,9,6], "texture": "#obsidian" } } },
{ "from": [7,6,12], "to": [9,7,12], "faces": { "south":  { "uv": [7,10,9,9], "texture": "#obsidian" } } },
{ "from": [7,6,6], "to": [9,7,6], "faces": { "north":  { "uv": [9,10,7,9], "texture": "#obsidian" } } },
{ "from": [7,9,6], "to": [9,10,6], "faces": { "north":  { "uv": [9,7,7,6], "texture": "#obsidian" } } },
{ "from": [7,5,7], "to": [9,6,7], "faces": { "north":  { "uv": [9,11,7,10], "texture": "#obsidian" } } },
{ "from": [6,9,7], "to": [7,10,7], "faces": { "north":  { "uv": [10,7,9,6], "texture": "#obsidian" } } },
{ "from": [9,9,7], "to": [10,10,7], "faces": { "north":  { "uv": [7,7,6,6], "texture": "#obsidian" } } },
{ "from": [2,7,3], "to": [2,8,5], "faces": { "east":  { "uv": [13,9,11,8], "texture": "#hull" } } },
{ "from": [2,9,3], "to": [2,10,5], "faces": { "east":  { "uv": [13,7,11,6], "texture": "#hull" } } },
{ "from": [2,9,11], "to": [2,10,13], "faces": { "east":  { "uv": [5,7,3,6], "texture": "#hull" } } },
{ "from": [2,7,11], "to": [2,8,13], "faces": { "east":  { "uv": [5,9,3,8], "texture": "#hull" } } },
{ "from": [3,7,2], "to": [3,8,3], "faces": { "east":  { "uv": [14,9,13,8], "texture": "#hull" } } },
{ "from": [3,9,2], "to": [3,10,3], "faces": { "east":  { "uv": [14,7,13,6], "texture": "#hull" } } },
{ "from": [3,7,5], "to": [3,8,6], "faces": { "east":  { "uv": [11,9,10,8], "texture": "#hull" } } },
{ "from": [3,9,5], "to": [3,10,6], "faces": { "east":  { "uv": [11,7,10,6], "texture": "#hull" } } },
{ "from": [3,7,10], "to": [3,8,11], "faces": { "east":  { "uv": [6,9,5,8], "texture": "#hull" } } },
{ "from": [3,9,10], "to": [3,10,11], "faces": { "east":  { "uv": [6,7,5,6], "texture": "#hull" } } },
{ "from": [3,7,13], "to": [3,8,14], "faces": { "east":  { "uv": [3,9,2,8], "texture": "#hull" } } },
{ "from": [3,9,13], "to": [3,10,14], "faces": { "east":  { "uv": [3,7,2,6], "texture": "#hull" } } },
{ "from": [5,7,1], "to": [5,10,2], "faces": { "east":  { "uv": [15,9,14,6], "texture": "#hull" } } },
{ "from": [5,7,6], "to": [5,10,7], "faces": { "east":  { "uv": [10,9,9,6], "texture": "#hull" } } },
{ "from": [5,7,9], "to": [5,10,10], "faces": { "east":  { "uv": [7,9,6,6], "texture": "#hull" } } },
{ "from": [5,7,14], "to": [5,10,15], "faces": { "east":  { "uv": [2,9,1,6], "texture": "#hull" } } },
{ "from": [6,7,2], "to": [6,10,3], "faces": { "east":  { "uv": [14,9,13,6], "texture": "#hull" } } },
{ "from": [6,7,5], "to": [6,10,6], "faces": { "east":  { "uv": [11,9,10,6], "texture": "#hull" } } },
{ "from": [6,7,10], "to": [6,10,11], "faces": { "east":  { "uv": [6,9,5,6], "texture": "#hull" } } },
{ "from": [6,7,13], "to": [6,10,14], "faces": { "east":  { "uv": [3,9,2,6], "texture": "#hull" } } },
{ "from": [7,7,3], "to": [7,8,5], "faces": { "east":  { "uv": [13,9,11,8], "texture": "#hull" } } },
{ "from": [7,9,3], "to": [7,10,5], "faces": { "east":  { "uv": [13,7,11,6], "texture": "#hull" } } },
{ "from": [7,9,11], "to": [7,10,13], "faces": { "east":  { "uv": [5,7,3,6], "texture": "#hull" } } },
{ "from": [7,7,11], "to": [7,8,13], "faces": { "east":  { "uv": [5,9,3,8], "texture": "#hull" } } },
{ "from": [9,8,5], "to": [9,9,6], "faces": { "east":  { "uv": [11,8,10,7], "texture": "#hull" } } },
{ "from": [9,7,6], "to": [9,9,7], "faces": { "east":  { "uv": [10,9,9,7], "texture": "#hull" } } },
{ "from": [9,7,9], "to": [9,9,10], "faces": { "east":  { "uv": [7,9,6,7], "texture": "#hull" } } },
{ "from": [9,8,10], "to": [9,9,11], "faces": { "east":  { "uv": [6,8,5,7], "texture": "#hull" } } },
{ "from": [10,7,3], "to": [10,8,5], "faces": { "east":  { "uv": [13,9,11,8], "texture": "#hull" } } },
{ "from": [10,9,3], "to": [10,10,5], "faces": { "east":  { "uv": [13,7,11,6], "texture": "#hull" } } },
{ "from": [10,9,11], "to": [10,10,13], "faces": { "east":  { "uv": [5,7,3,6], "texture": "#hull" } } },
{ "from": [10,7,11], "to": [10,8,13], "faces": { "east":  { "uv": [5,9,3,8], "texture": "#hull" } } },
{ "from": [10,7,7], "to": [10,8,9], "faces": { "east":  { "uv": [9,9,7,8], "texture": "#hull" } } },
{ "from": [11,7,2], "to": [11,8,3], "faces": { "east":  { "uv": [14,9,13,8], "texture": "#hull" } } },
{ "from": [11,9,2], "to": [11,10,3], "faces": { "east":  { "uv": [14,7,13,6], "texture": "#hull" } } },
{ "from": [11,7,5], "to": [11,8,6], "faces": { "east":  { "uv": [11,9,10,8], "texture": "#hull" } } },
{ "from": [11,9,5], "to": [11,10,6], "faces": { "east":  { "uv": [11,7,10,6], "texture": "#hull" } } },
{ "from": [11,7,10], "to": [11,8,11], "faces": { "east":  { "uv": [6,9,5,8], "texture": "#hull" } } },
{ "from": [11,9,10], "to": [11,10,11], "faces": { "east":  { "uv": [6,7,5,6], "texture": "#hull" } } },
{ "from": [11,7,13], "to": [11,8,14], "faces": { "east":  { "uv": [3,9,2,8], "texture": "#hull" } } },
{ "from": [11,9,13], "to": [11,10,14], "faces": { "east":  { "uv": [3,7,2,6], "texture": "#hull" } } },
{ "from": [13,7,1], "to": [13,10,2], "faces": { "east":  { "uv": [15,9,14,6], "texture": "#hull" } } },
{ "from": [13,7,6], "to": [13,10,7], "faces": { "east":  { "uv": [10,9,9,6], "texture": "#hull" } } },
{ "from": [13,8,7], "to": [13,9,9], "faces": { "east":  { "uv": [9,8,7,7], "texture": "#hull" } } },
{ "from": [13,7,14], "to": [13,10,15], "faces": { "east":  { "uv": [2,9,1,6], "texture": "#hull" } } },
{ "from": [13,7,9], "to": [13,10,10], "faces": { "east":  { "uv": [7,9,6,6], "texture": "#hull" } } },
{ "from": [14,7,2], "to": [14,10,3], "faces": { "east":  { "uv": [14,9,13,6], "texture": "#hull" } } },
{ "from": [14,7,5], "to": [14,10,6], "faces": { "east":  { "uv": [11,9,10,6], "texture": "#hull" } } },
{ "from": [14,7,10], "to": [14,10,11], "faces": { "east":  { "uv": [6,9,5,6], "texture": "#hull" } } },
{ "from": [14,7,13], "to": [14,10,14], "faces": { "east":  { "uv": [3,9,2,6], "texture": "#hull" } } },
{ "from": [15,7,3], "to": [15,10,5], "faces": { "east":  { "uv": [13,9,11,6], "texture": "#hull" } } },
{ "from": [15,7,11], "to": [15,10,13], "faces": { "east":  { "uv": [5,9,3,6], "texture": "#hull" } } },
{ "from": [1,7,3], "to": [1,10,5], "faces": { "west":  { "uv": [3,9,5,6], "texture": "#hull" } } },
{ "from": [1,7,11], "to": [1,10,13], "faces": { "west":  { "uv": [11,9,13,6], "texture": "#hull" } } },
{ "from": [2,7,2], "to": [2,10,3], "faces": { "west":  { "uv": [2,9,3,6], "texture": "#hull" } } },
{ "from": [2,7,5], "to": [2,10,6], "faces": { "west":  { "uv": [5,9,6,6], "texture": "#hull" } } },
{ "from": [2,7,10], "to": [2,10,11], "faces": { "west":  { "uv": [10,9,11,6], "texture": "#hull" } } },
{ "from": [2,7,13], "to": [2,10,14], "faces": { "west":  { "uv": [13,9,14,6], "texture": "#hull" } } },
{ "from": [3,7,1], "to": [3,10,2], "faces": { "west":  { "uv": [1,9,2,6], "texture": "#hull" } } },
{ "from": [3,7,6], "to": [3,10,7], "faces": { "west":  { "uv": [6,9,7,6], "texture": "#hull" } } },
{ "from": [3,8,7], "to": [3,9,9], "faces": { "west":  { "uv": [7,8,9,7], "texture": "#hull" } } },
{ "from": [3,7,14], "to": [3,10,15], "faces": { "west":  { "uv": [14,9,15,6], "texture": "#hull" } } },
{ "from": [3,7,9], "to": [3,10,10], "faces": { "west":  { "uv": [9,9,10,6], "texture": "#hull" } } },
{ "from": [5,7,2], "to": [5,8,3], "faces": { "west":  { "uv": [2,9,3,8], "texture": "#hull" } } },
{ "from": [5,9,2], "to": [5,10,3], "faces": { "west":  { "uv": [2,7,3,6], "texture": "#hull" } } },
{ "from": [5,7,5], "to": [5,8,6], "faces": { "west":  { "uv": [5,9,6,8], "texture": "#hull" } } },
{ "from": [5,9,5], "to": [5,10,6], "faces": { "west":  { "uv": [5,7,6,6], "texture": "#hull" } } },
{ "from": [5,7,10], "to": [5,8,11], "faces": { "west":  { "uv": [10,9,11,8], "texture": "#hull" } } },
{ "from": [5,9,10], "to": [5,10,11], "faces": { "west":  { "uv": [10,7,11,6], "texture": "#hull" } } },
{ "from": [5,7,13], "to": [5,8,14], "faces": { "west":  { "uv": [13,9,14,8], "texture": "#hull" } } },
{ "from": [5,9,13], "to": [5,10,14], "faces": { "west":  { "uv": [13,7,14,6], "texture": "#hull" } } },
{ "from": [6,7,3], "to": [6,8,5], "faces": { "west":  { "uv": [3,9,5,8], "texture": "#hull" } } },
{ "from": [6,9,3], "to": [6,10,5], "faces": { "west":  { "uv": [3,7,5,6], "texture": "#hull" } } },
{ "from": [6,9,11], "to": [6,10,13], "faces": { "west":  { "uv": [11,7,13,6], "texture": "#hull" } } },
{ "from": [6,7,11], "to": [6,8,13], "faces": { "west":  { "uv": [11,9,13,8], "texture": "#hull" } } },
{ "from": [6,7,7], "to": [6,8,9], "faces": { "west":  { "uv": [7,9,9,8], "texture": "#hull" } } },
{ "from": [7,8,5], "to": [7,9,6], "faces": { "west":  { "uv": [5,8,6,7], "texture": "#hull" } } },
{ "from": [7,7,6], "to": [7,9,7], "faces": { "west":  { "uv": [6,9,7,7], "texture": "#hull" } } },
{ "from": [7,7,9], "to": [7,9,10], "faces": { "west":  { "uv": [9,9,10,7], "texture": "#hull" } } },
{ "from": [7,8,10], "to": [7,9,11], "faces": { "west":  { "uv": [10,8,11,7], "texture": "#hull" } } },
{ "from": [9,7,3], "to": [9,8,5], "faces": { "west":  { "uv": [3,9,5,8], "texture": "#hull" } } },
{ "from": [9,9,3], "to": [9,10,5], "faces": { "west":  { "uv": [3,7,5,6], "texture": "#hull" } } },
{ "from": [9,9,11], "to": [9,10,13], "faces": { "west":  { "uv": [11,7,13,6], "texture": "#hull" } } },
{ "from": [9,7,11], "to": [9,8,13], "faces": { "west":  { "uv": [11,9,13,8], "texture": "#hull" } } },
{ "from": [10,7,2], "to": [10,10,3], "faces": { "west":  { "uv": [2,9,3,6], "texture": "#hull" } } },
{ "from": [10,7,5], "to": [10,10,6], "faces": { "west":  { "uv": [5,9,6,6], "texture": "#hull" } } },
{ "from": [10,7,10], "to": [10,10,11], "faces": { "west":  { "uv": [10,9,11,6], "texture": "#hull" } } },
{ "from": [10,7,13], "to": [10,10,14], "faces": { "west":  { "uv": [13,9,14,6], "texture": "#hull" } } },
{ "from": [11,7,1], "to": [11,10,2], "faces": { "west":  { "uv": [1,9,2,6], "texture": "#hull" } } },
{ "from": [11,7,6], "to": [11,10,7], "faces": { "west":  { "uv": [6,9,7,6], "texture": "#hull" } } },
{ "from": [11,7,9], "to": [11,10,10], "faces": { "west":  { "uv": [9,9,10,6], "texture": "#hull" } } },
{ "from": [11,7,14], "to": [11,10,15], "faces": { "west":  { "uv": [14,9,15,6], "texture": "#hull" } } },
{ "from": [13,7,2], "to": [13,8,3], "faces": { "west":  { "uv": [2,9,3,8], "texture": "#hull" } } },
{ "from": [13,9,2], "to": [13,10,3], "faces": { "west":  { "uv": [2,7,3,6], "texture": "#hull" } } },
{ "from": [13,7,5], "to": [13,8,6], "faces": { "west":  { "uv": [5,9,6,8], "texture": "#hull" } } },
{ "from": [13,9,5], "to": [13,10,6], "faces": { "west":  { "uv": [5,7,6,6], "texture": "#hull" } } },
{ "from": [13,7,10], "to": [13,8,11], "faces": { "west":  { "uv": [10,9,11,8], "texture": "#hull" } } },
{ "from": [13,9,10], "to": [13,10,11], "faces": { "west":  { "uv": [10,7,11,6], "texture": "#hull" } } },
{ "from": [13,7,13], "to": [13,8,14], "faces": { "west":  { "uv": [13,9,14,8], "texture": "#hull" } } },
{ "from": [13,9,13], "to": [13,10,14], "faces": { "west":  { "uv": [13,7,14,6], "texture": "#hull" } } },
{ "from": [14,7,3], "to": [14,8,5], "faces": { "west":  { "uv": [3,9,5,8], "texture": "#hull" } } },
{ "from": [14,9,3], "to": [14,10,5], "faces": { "west":  { "uv": [3,7,5,6], "texture": "#hull" } } },
{ "from": [14,9,11], "to": [14,10,13], "faces": { "west":  { "uv": [11,7,13,6], "texture": "#hull" } } },
{ "from": [14,7,11], "to": [14,8,13], "faces": { "west":  { "uv": [11,9,13,8], "texture": "#hull" } } },
{ "from": [7,9,3], "to": [9,9,6], "faces": { "up":  { "uv": [7,3,9,6], "texture": "#hull" } } },
{ "from": [7,9,10], "to": [9,9,13], "faces": { "up":  { "uv": [7,10,9,13], "texture": "#hull" } } },
{ "from": [3,9,7], "to": [6,9,9], "faces": { "up":  { "uv": [3,7,6,9], "texture": "#hull" } } },
{ "from": [10,9,7], "to": [13,9,9], "faces": { "up":  { "uv": [10,7,13,9], "texture": "#hull" } } },
{ "from": [3,10,1], "to": [5,10,2], "faces": { "up":  { "uv": [3,1,5,2], "texture": "#hull" } } },
{ "from": [11,10,1], "to": [13,10,2], "faces": { "up":  { "uv": [11,1,13,2], "texture": "#hull" } } },
{ "from": [2,10,2], "to": [3,10,3], "faces": { "up":  { "uv": [2,2,3,3], "texture": "#hull" } } },
{ "from": [5,10,2], "to": [6,10,3], "faces": { "up":  { "uv": [5,2,6,3], "texture": "#hull" } } },
{ "from": [10,10,2], "to": [11,10,3], "faces": { "up":  { "uv": [10,2,11,3], "texture": "#hull" } } },
{ "from": [13,10,2], "to": [14,10,3], "faces": { "up":  { "uv": [13,2,14,3], "texture": "#hull" } } },
{ "from": [1,10,3], "to": [2,10,5], "faces": { "up":  { "uv": [1,3,2,5], "texture": "#hull" } } },
{ "from": [6,10,3], "to": [7,10,5], "faces": { "up":  { "uv": [6,3,7,5], "texture": "#hull" } } },
{ "from": [9,10,3], "to": [10,10,5], "faces": { "up":  { "uv": [9,3,10,5], "texture": "#hull" } } },
{ "from": [14,10,3], "to": [15,10,5], "faces": { "up":  { "uv": [14,3,15,5], "texture": "#hull" } } },
{ "from": [11,10,14], "to": [13,10,15], "faces": { "up":  { "uv": [11,14,13,15], "texture": "#hull" } } },
{ "from": [3,10,14], "to": [5,10,15], "faces": { "up":  { "uv": [3,14,5,15], "texture": "#hull" } } },
{ "from": [13,10,13], "to": [14,10,14], "faces": { "up":  { "uv": [13,13,14,14], "texture": "#hull" } } },
{ "from": [10,10,13], "to": [11,10,14], "faces": { "up":  { "uv": [10,13,11,14], "texture": "#hull" } } },
{ "from": [2,10,5], "to": [3,10,6], "faces": { "up":  { "uv": [2,5,3,6], "texture": "#hull" } } },
{ "from": [5,10,5], "to": [6,10,6], "faces": { "up":  { "uv": [5,5,6,6], "texture": "#hull" } } },
{ "from": [10,10,5], "to": [11,10,6], "faces": { "up":  { "uv": [10,5,11,6], "texture": "#hull" } } },
{ "from": [13,10,5], "to": [14,10,6], "faces": { "up":  { "uv": [13,5,14,6], "texture": "#hull" } } },
{ "from": [3,10,6], "to": [5,10,7], "faces": { "up":  { "uv": [3,6,5,7], "texture": "#hull" } } },
{ "from": [11,10,6], "to": [13,10,7], "faces": { "up":  { "uv": [11,6,13,7], "texture": "#hull" } } },
{ "from": [5,10,13], "to": [6,10,14], "faces": { "up":  { "uv": [5,13,6,14], "texture": "#hull" } } },
{ "from": [3,10,9], "to": [5,10,10], "faces": { "up":  { "uv": [3,9,5,10], "texture": "#hull" } } },
{ "from": [11,10,9], "to": [13,10,10], "faces": { "up":  { "uv": [11,9,13,10], "texture": "#hull" } } },
{ "from": [2,10,10], "to": [3,10,11], "faces": { "up":  { "uv": [2,10,3,11], "texture": "#hull" } } },
{ "from": [5,10,10], "to": [6,10,11], "faces": { "up":  { "uv": [5,10,6,11], "texture": "#hull" } } },
{ "from": [10,10,10], "to": [11,10,11], "faces": { "up":  { "uv": [10,10,11,11], "texture": "#hull" } } },
{ "from": [13,10,10], "to": [14,10,11], "faces": { "up":  { "uv": [13,10,14,11], "texture": "#hull" } } },
{ "from": [1,10,11], "to": [2,10,13], "faces": { "up":  { "uv": [1,11,2,13], "texture": "#hull" } } },
{ "from": [6,10,11], "to": [7,10,13], "faces": { "up":  { "uv": [6,11,7,13], "texture": "#hull" } } },
{ "from": [9,10,11], "to": [10,10,13], "faces": { "up":  { "uv": [9,11,10,13], "texture": "#hull" } } },
{ "from": [14,10,11], "to": [15,10,13], "faces": { "up":  { "uv": [14,11,15,13], "texture": "#hull" } } },
{ "from": [2,10,13], "to": [3,10,14], "faces": { "up":  { "uv": [2,13,3,14], "texture": "#hull" } } },
{ "from": [3,7,1], "to": [5,7,2], "faces": { "down":  { "uv": [3,15,5,14], "texture": "#hull" } } },
{ "from": [11,7,1], "to": [13,7,2], "faces": { "down":  { "uv": [11,15,13,14], "texture": "#hull" } } },
{ "from": [2,7,2], "to": [3,7,3], "faces": { "down":  { "uv": [2,14,3,13], "texture": "#hull" } } },
{ "from": [5,7,2], "to": [6,7,3], "faces": { "down":  { "uv": [5,14,6,13], "texture": "#hull" } } },
{ "from": [10,7,2], "to": [11,7,3], "faces": { "down":  { "uv": [10,14,11,13], "texture": "#hull" } } },
{ "from": [13,7,2], "to": [14,7,3], "faces": { "down":  { "uv": [13,14,14,13], "texture": "#hull" } } },
{ "from": [1,7,3], "to": [2,7,5], "faces": { "down":  { "uv": [1,13,2,11], "texture": "#hull" } } },
{ "from": [6,7,3], "to": [7,7,5], "faces": { "down":  { "uv": [6,13,7,11], "texture": "#hull" } } },
{ "from": [9,7,3], "to": [10,7,5], "faces": { "down":  { "uv": [9,13,10,11], "texture": "#hull" } } },
{ "from": [14,7,3], "to": [15,7,5], "faces": { "down":  { "uv": [14,13,15,11], "texture": "#hull" } } },
{ "from": [11,7,14], "to": [13,7,15], "faces": { "down":  { "uv": [11,2,13,1], "texture": "#hull" } } },
{ "from": [3,7,14], "to": [5,7,15], "faces": { "down":  { "uv": [3,2,5,1], "texture": "#hull" } } },
{ "from": [13,7,13], "to": [14,7,14], "faces": { "down":  { "uv": [13,3,14,2], "texture": "#hull" } } },
{ "from": [10,7,13], "to": [11,7,14], "faces": { "down":  { "uv": [10,3,11,2], "texture": "#hull" } } },
{ "from": [2,7,5], "to": [3,7,6], "faces": { "down":  { "uv": [2,11,3,10], "texture": "#hull" } } },
{ "from": [5,7,5], "to": [6,7,6], "faces": { "down":  { "uv": [5,11,6,10], "texture": "#hull" } } },
{ "from": [10,7,5], "to": [11,7,6], "faces": { "down":  { "uv": [10,11,11,10], "texture": "#hull" } } },
{ "from": [13,7,5], "to": [14,7,6], "faces": { "down":  { "uv": [13,11,14,10], "texture": "#hull" } } },
{ "from": [3,7,6], "to": [5,7,7], "faces": { "down":  { "uv": [3,10,5,9], "texture": "#hull" } } },
{ "from": [11,7,6], "to": [13,7,7], "faces": { "down":  { "uv": [11,10,13,9], "texture": "#hull" } } },
{ "from": [6,7,7], "to": [7,7,9], "faces": { "down":  { "uv": [6,9,7,7], "texture": "#hull" } } },
{ "from": [9,7,7], "to": [10,7,9], "faces": { "down":  { "uv": [9,9,10,7], "texture": "#hull" } } },
{ "from": [5,7,13], "to": [6,7,14], "faces": { "down":  { "uv": [5,3,6,2], "texture": "#hull" } } },
{ "from": [2,7,13], "to": [3,7,14], "faces": { "down":  { "uv": [2,3,3,2], "texture": "#hull" } } },
{ "from": [3,7,9], "to": [5,7,10], "faces": { "down":  { "uv": [3,7,5,6], "texture": "#hull" } } },
{ "from": [11,7,9], "to": [13,7,10], "faces": { "down":  { "uv": [11,7,13,6], "texture": "#hull" } } },
{ "from": [2,7,10], "to": [3,7,11], "faces": { "down":  { "uv": [2,6,3,5], "texture": "#hull" } } },
{ "from": [5,7,10], "to": [6,7,11], "faces": { "down":  { "uv": [5,6,6,5], "texture": "#hull" } } },
{ "from": [10,7,10], "to": [11,7,11], "faces": { "down":  { "uv": [10,6,11,5], "texture": "#hull" } } },
{ "from": [13,7,10], "to": [14,7,11], "faces": { "down":  { "uv": [13,6,14,5], "texture": "#hull" } } },
{ "from": [1,7,11], "to": [2,7,13], "faces": { "down":  { "uv": [1,5,2,3], "texture": "#hull" } } },
{ "from": [6,7,11], "to": [7,7,13], "faces": { "down":  { "uv": [6,5,7,3], "texture": "#hull" } } },
{ "from": [9,7,11], "to": [10,7,13], "faces": { "down":  { "uv": [9,5,10,3], "texture": "#hull" } } },
{ "from": [14,7,11], "to": [15,7,13], "faces": { "down":  { "uv": [14,5,15,3], "texture": "#hull" } } },
{ "from": [7,8,3], "to": [9,8,6], "faces": { "down":  { "uv": [7,13,9,10], "texture": "#hull" } } },
{ "from": [7,8,10], "to": [9,8,13], "faces": { "down":  { "uv": [7,6,9,3], "texture": "#hull" } } },
{ "from": [3,8,7], "to": [6,8,9], "faces": { "down":  { "uv": [3,9,6,7], "texture": "#hull" } } },
{ "from": [10,8,7], "to": [13,8,9], "faces": { "down":  { "uv": [10,9,13,7], "texture": "#hull" } } },
{ "from": [3,7,2], "to": [5,8,2], "faces": { "south":  { "uv": [3,9,5,8], "texture": "#hull" } } },
{ "from": [11,7,2], "to": [13,8,2], "faces": { "south":  { "uv": [11,9,13,8], "texture": "#hull" } } },
{ "from": [3,9,2], "to": [5,10,2], "faces": { "south":  { "uv": [3,7,5,6], "texture": "#hull" } } },
{ "from": [11,9,2], "to": [13,10,2], "faces": { "south":  { "uv": [11,7,13,6], "texture": "#hull" } } },
{ "from": [2,7,3], "to": [3,8,3], "faces": { "south":  { "uv": [2,9,3,8], "texture": "#hull" } } },
{ "from": [5,7,3], "to": [6,8,3], "faces": { "south":  { "uv": [5,9,6,8], "texture": "#hull" } } },
{ "from": [10,7,3], "to": [11,8,3], "faces": { "south":  { "uv": [10,9,11,8], "texture": "#hull" } } },
{ "from": [13,7,3], "to": [14,8,3], "faces": { "south":  { "uv": [13,9,14,8], "texture": "#hull" } } },
{ "from": [2,9,3], "to": [3,10,3], "faces": { "south":  { "uv": [2,7,3,6], "texture": "#hull" } } },
{ "from": [5,9,3], "to": [6,10,3], "faces": { "south":  { "uv": [5,7,6,6], "texture": "#hull" } } },
{ "from": [10,9,3], "to": [11,10,3], "faces": { "south":  { "uv": [10,7,11,6], "texture": "#hull" } } },
{ "from": [13,9,3], "to": [14,10,3], "faces": { "south":  { "uv": [13,7,14,6], "texture": "#hull" } } },
{ "from": [1,7,5], "to": [2,10,5], "faces": { "south":  { "uv": [1,9,2,6], "texture": "#hull" } } },
{ "from": [6,7,5], "to": [7,10,5], "faces": { "south":  { "uv": [6,9,7,6], "texture": "#hull" } } },
{ "from": [9,7,5], "to": [10,10,5], "faces": { "south":  { "uv": [9,9,10,6], "texture": "#hull" } } },
{ "from": [14,7,5], "to": [15,10,5], "faces": { "south":  { "uv": [14,9,15,6], "texture": "#hull" } } },
{ "from": [2,7,6], "to": [3,10,6], "faces": { "south":  { "uv": [2,9,3,6], "texture": "#hull" } } },
{ "from": [5,7,6], "to": [6,10,6], "faces": { "south":  { "uv": [5,9,6,6], "texture": "#hull" } } },
{ "from": [10,7,6], "to": [11,10,6], "faces": { "south":  { "uv": [10,9,11,6], "texture": "#hull" } } },
{ "from": [13,7,6], "to": [14,10,6], "faces": { "south":  { "uv": [13,9,14,6], "texture": "#hull" } } },
{ "from": [3,7,7], "to": [5,8,7], "faces": { "south":  { "uv": [3,9,5,8], "texture": "#hull" } } },
{ "from": [11,7,7], "to": [13,8,7], "faces": { "south":  { "uv": [11,9,13,8], "texture": "#hull" } } },
{ "from": [3,9,7], "to": [5,10,7], "faces": { "south":  { "uv": [3,7,5,6], "texture": "#hull" } } },
{ "from": [11,9,7], "to": [13,10,7], "faces": { "south":  { "uv": [11,7,13,6], "texture": "#hull" } } },
{ "from": [6,7,9], "to": [7,8,9], "faces": { "south":  { "uv": [6,9,7,8], "texture": "#hull" } } },
{ "from": [9,7,9], "to": [10,8,9], "faces": { "south":  { "uv": [9,9,10,8], "texture": "#hull" } } },
{ "from": [5,8,9], "to": [7,9,9], "faces": { "south":  { "uv": [5,8,7,7], "texture": "#hull" } } },
{ "from": [9,8,9], "to": [11,9,9], "faces": { "south":  { "uv": [9,8,11,7], "texture": "#hull" } } },
{ "from": [3,7,10], "to": [5,8,10], "faces": { "south":  { "uv": [3,9,5,8], "texture": "#hull" } } },
{ "from": [7,7,10], "to": [9,8,10], "faces": { "south":  { "uv": [7,9,9,8], "texture": "#hull" } } },
{ "from": [11,7,10], "to": [13,8,10], "faces": { "south":  { "uv": [11,9,13,8], "texture": "#hull" } } },
{ "from": [3,9,10], "to": [5,10,10], "faces": { "south":  { "uv": [3,7,5,6], "texture": "#hull" } } },
{ "from": [11,9,10], "to": [13,10,10], "faces": { "south":  { "uv": [11,7,13,6], "texture": "#hull" } } },
{ "from": [2,7,11], "to": [3,8,11], "faces": { "south":  { "uv": [2,9,3,8], "texture": "#hull" } } },
{ "from": [5,7,11], "to": [6,8,11], "faces": { "south":  { "uv": [5,9,6,8], "texture": "#hull" } } },
{ "from": [10,7,11], "to": [11,8,11], "faces": { "south":  { "uv": [10,9,11,8], "texture": "#hull" } } },
{ "from": [13,7,11], "to": [14,8,11], "faces": { "south":  { "uv": [13,9,14,8], "texture": "#hull" } } },
{ "from": [2,9,11], "to": [3,10,11], "faces": { "south":  { "uv": [2,7,3,6], "texture": "#hull" } } },
{ "from": [5,9,11], "to": [6,10,11], "faces": { "south":  { "uv": [5,7,6,6], "texture": "#hull" } } },
{ "from": [10,9,11], "to": [11,10,11], "faces": { "south":  { "uv": [10,7,11,6], "texture": "#hull" } } },
{ "from": [13,9,11], "to": [14,10,11], "faces": { "south":  { "uv": [13,7,14,6], "texture": "#hull" } } },
{ "from": [1,7,13], "to": [2,10,13], "faces": { "south":  { "uv": [1,9,2,6], "texture": "#hull" } } },
{ "from": [6,7,13], "to": [7,8,13], "faces": { "south":  { "uv": [6,9,7,8], "texture": "#hull" } } },
{ "from": [9,7,13], "to": [10,8,13], "faces": { "south":  { "uv": [9,9,10,8], "texture": "#hull" } } },
{ "from": [14,7,13], "to": [15,10,13], "faces": { "south":  { "uv": [14,9,15,6], "texture": "#hull" } } },
{ "from": [9,9,13], "to": [10,10,13], "faces": { "south":  { "uv": [9,7,10,6], "texture": "#hull" } } },
{ "from": [6,8,13], "to": [10,9,13], "faces": { "south":  { "uv": [6,8,10,7], "texture": "#hull" } } },
{ "from": [6,9,13], "to": [7,10,13], "faces": { "south":  { "uv": [6,7,7,6], "texture": "#hull" } } },
{ "from": [2,7,14], "to": [3,10,14], "faces": { "south":  { "uv": [2,9,3,6], "texture": "#hull" } } },
{ "from": [5,7,14], "to": [6,10,14], "faces": { "south":  { "uv": [5,9,6,6], "texture": "#hull" } } },
{ "from": [10,7,14], "to": [11,10,14], "faces": { "south":  { "uv": [10,9,11,6], "texture": "#hull" } } },
{ "from": [13,7,14], "to": [14,10,14], "faces": { "south":  { "uv": [13,9,14,6], "texture": "#hull" } } },
{ "from": [3,7,15], "to": [5,10,15], "faces": { "south":  { "uv": [3,9,5,6], "texture": "#hull" } } },
{ "from": [11,7,15], "to": [13,10,15], "faces": { "south":  { "uv": [11,9,13,6], "texture": "#hull" } } },
{ "from": [3,7,1], "to": [5,10,1], "faces": { "north":  { "uv": [13,9,11,6], "texture": "#hull" } } },
{ "from": [11,7,1], "to": [13,10,1], "faces": { "north":  { "uv": [5,9,3,6], "texture": "#hull" } } },
{ "from": [2,7,2], "to": [3,10,2], "faces": { "north":  { "uv": [14,9,13,6], "texture": "#hull" } } },
{ "from": [5,7,2], "to": [6,10,2], "faces": { "north":  { "uv": [11,9,10,6], "texture": "#hull" } } },
{ "from": [10,7,2], "to": [11,10,2], "faces": { "north":  { "uv": [6,9,5,6], "texture": "#hull" } } },
{ "from": [13,7,2], "to": [14,10,2], "faces": { "north":  { "uv": [3,9,2,6], "texture": "#hull" } } },
{ "from": [1,7,3], "to": [2,10,3], "faces": { "north":  { "uv": [15,9,14,6], "texture": "#hull" } } },
{ "from": [6,7,3], "to": [7,8,3], "faces": { "north":  { "uv": [10,9,9,8], "texture": "#hull" } } },
{ "from": [9,7,3], "to": [10,8,3], "faces": { "north":  { "uv": [7,9,6,8], "texture": "#hull" } } },
{ "from": [14,7,3], "to": [15,10,3], "faces": { "north":  { "uv": [2,9,1,6], "texture": "#hull" } } },
{ "from": [9,9,3], "to": [10,10,3], "faces": { "north":  { "uv": [7,7,6,6], "texture": "#hull" } } },
{ "from": [6,8,3], "to": [10,9,3], "faces": { "north":  { "uv": [10,8,6,7], "texture": "#hull" } } },
{ "from": [6,9,3], "to": [7,10,3], "faces": { "north":  { "uv": [10,7,9,6], "texture": "#hull" } } },
{ "from": [2,7,5], "to": [3,8,5], "faces": { "north":  { "uv": [14,9,13,8], "texture": "#hull" } } },
{ "from": [5,7,5], "to": [6,8,5], "faces": { "north":  { "uv": [11,9,10,8], "texture": "#hull" } } },
{ "from": [10,7,5], "to": [11,8,5], "faces": { "north":  { "uv": [6,9,5,8], "texture": "#hull" } } },
{ "from": [13,7,5], "to": [14,8,5], "faces": { "north":  { "uv": [3,9,2,8], "texture": "#hull" } } },
{ "from": [2,9,5], "to": [3,10,5], "faces": { "north":  { "uv": [14,7,13,6], "texture": "#hull" } } },
{ "from": [5,9,5], "to": [6,10,5], "faces": { "north":  { "uv": [11,7,10,6], "texture": "#hull" } } },
{ "from": [10,9,5], "to": [11,10,5], "faces": { "north":  { "uv": [6,7,5,6], "texture": "#hull" } } },
{ "from": [13,9,5], "to": [14,10,5], "faces": { "north":  { "uv": [3,7,2,6], "texture": "#hull" } } },
{ "from": [3,7,6], "to": [5,8,6], "faces": { "north":  { "uv": [13,9,11,8], "texture": "#hull" } } },
{ "from": [7,7,6], "to": [9,8,6], "faces": { "north":  { "uv": [9,9,7,8], "texture": "#hull" } } },
{ "from": [11,7,6], "to": [13,8,6], "faces": { "north":  { "uv": [5,9,3,8], "texture": "#hull" } } },
{ "from": [3,9,6], "to": [5,10,6], "faces": { "north":  { "uv": [13,7,11,6], "texture": "#hull" } } },
{ "from": [11,9,6], "to": [13,10,6], "faces": { "north":  { "uv": [5,7,3,6], "texture": "#hull" } } },
{ "from": [6,7,7], "to": [7,8,7], "faces": { "north":  { "uv": [10,9,9,8], "texture": "#hull" } } },
{ "from": [9,7,7], "to": [10,8,7], "faces": { "north":  { "uv": [7,9,6,8], "texture": "#hull" } } },
{ "from": [5,8,7], "to": [7,9,7], "faces": { "north":  { "uv": [11,8,9,7], "texture": "#hull" } } },
{ "from": [9,8,7], "to": [11,9,7], "faces": { "north":  { "uv": [7,8,5,7], "texture": "#hull" } } },
{ "from": [3,7,9], "to": [5,8,9], "faces": { "north":  { "uv": [13,9,11,8], "texture": "#hull" } } },
{ "from": [11,7,9], "to": [13,8,9], "faces": { "north":  { "uv": [5,9,3,8], "texture": "#hull" } } },
{ "from": [3,9,9], "to": [5,10,9], "faces": { "north":  { "uv": [13,7,11,6], "texture": "#hull" } } },
{ "from": [11,9,9], "to": [13,10,9], "faces": { "north":  { "uv": [5,7,3,6], "texture": "#hull" } } },
{ "from": [2,7,10], "to": [3,10,10], "faces": { "north":  { "uv": [14,9,13,6], "texture": "#hull" } } },
{ "from": [5,7,10], "to": [6,10,10], "faces": { "north":  { "uv": [11,9,10,6], "texture": "#hull" } } },
{ "from": [10,7,10], "to": [11,10,10], "faces": { "north":  { "uv": [6,9,5,6], "texture": "#hull" } } },
{ "from": [13,7,10], "to": [14,10,10], "faces": { "north":  { "uv": [3,9,2,6], "texture": "#hull" } } },
{ "from": [1,7,11], "to": [2,10,11], "faces": { "north":  { "uv": [15,9,14,6], "texture": "#hull" } } },
{ "from": [6,7,11], "to": [7,10,11], "faces": { "north":  { "uv": [10,9,9,6], "texture": "#hull" } } },
{ "from": [9,7,11], "to": [10,10,11], "faces": { "north":  { "uv": [7,9,6,6], "texture": "#hull" } } },
{ "from": [14,7,11], "to": [15,10,11], "faces": { "north":  { "uv": [2,9,1,6], "texture": "#hull" } } },
{ "from": [2,7,13], "to": [3,8,13], "faces": { "north":  { "uv": [14,9,13,8], "texture": "#hull" } } },
{ "from": [5,7,13], "to": [6,8,13], "faces": { "north":  { "uv": [11,9,10,8], "texture": "#hull" } } },
{ "from": [10,7,13], "to": [11,8,13], "faces": { "north":  { "uv": [6,9,5,8], "texture": "#hull" } } },
{ "from": [13,7,13], "to": [14,8,13], "faces": { "north":  { "uv": [3,9,2,8], "texture": "#hull" } } },
{ "from": [2,9,13], "to": [3,10,13], "faces": { "north":  { "uv": [14,7,13,6], "texture": "#hull" } } },
{ "from": [5,9,13], "to": [6,10,13], "faces": { "north":  { "uv": [11,7,10,6], "texture": "#hull" } } },
{ "from": [10,9,13], "to": [11,10,13], "faces": { "north":  { "uv": [6,7,5,6], "texture": "#hull" } } },
{ "from": [13,9,13], "to": [14,10,13], "faces": { "north":  { "uv": [3,7,2,6], "texture": "#hull" } } },
{ "from": [3,7,14], "to": [5,8,14], "faces": { "north":  { "uv": [13,9,11,8], "texture": "#hull" } } },
{ "from": [11,7,14], "to": [13,8,14], "faces": { "north":  { "uv": [5,9,3,8], "texture": "#hull" } } },
{ "from": [3,9,14], "to": [5,10,14], "faces": { "north":  { "uv": [13,7,11,6], "texture": "#hull" } } },
{ "from": [11,9,14], "to": [13,10,14], "faces": { "north":  { "uv": [5,7,3,6], "texture": "#hull" } } },
{ "from": [9,5,11], "to": [9,6,12], "faces": { "east":  { "uv": [5,11,4,10], "texture": "#eye" } } },
{ "from": [7,5,11], "to": [7,6,12], "faces": { "west":  { "uv": [11,11,12,10], "texture": "#eye" } } },
{ "from": [7,5,11], "to": [9,5,12], "faces": { "down":  { "uv": [7,5,9,4], "texture": "#eye" } } },
{ "from": [7,5,12], "to": [9,6,12], "faces": { "south":  { "uv": [7,11,9,10], "texture": "#eye" } } },
{ "from": [3,9,2], "to": [5,9,3], "faces": { "up":  { "uv": [3,2,5,3], "texture": "#turbines" } } },
{ "from": [11,9,2], "to": [13,9,3], "faces": { "up":  { "uv": [11,2,13,3], "texture": "#turbines" } } },
{ "from": [2,9,3], "to": [6,9,5], "faces": { "up":  { "uv": [2,3,6,5], "texture": "#turbines" } } },
{ "from": [10,9,3], "to": [14,9,5], "faces": { "up":  { "uv": [10,3,14,5], "texture": "#turbines" } } },
{ "from": [11,9,13], "to": [13,9,14], "faces": { "up":  { "uv": [11,13,13,14], "texture": "#turbines" } } },
{ "from": [3,9,13], "to": [5,9,14], "faces": { "up":  { "uv": [3,13,5,14], "texture": "#turbines" } } },
{ "from": [3,9,5], "to": [5,9,6], "faces": { "up":  { "uv": [3,5,5,6], "texture": "#turbines" } } },
{ "from": [10,9,11], "to": [14,9,13], "faces": { "up":  { "uv": [10,11,14,13], "texture": "#turbines" } } },
{ "from": [11,9,5], "to": [13,9,6], "faces": { "up":  { "uv": [11,5,13,6], "texture": "#turbines" } } },
{ "from": [2,9,11], "to": [6,9,13], "faces": { "up":  { "uv": [2,11,6,13], "texture": "#turbines" } } },
{ "from": [11,9,10], "to": [13,9,11], "faces": { "up":  { "uv": [11,10,13,11], "texture": "#turbines" } } },
{ "from": [3,9,10], "to": [5,9,11], "faces": { "up":  { "uv": [3,10,5,11], "texture": "#turbines" } } },
{ "from": [3,8,2], "to": [5,8,3], "faces": { "down":  { "uv": [3,14,5,13], "texture": "#turbines" } } },
{ "from": [11,8,2], "to": [13,8,3], "faces": { "down":  { "uv": [11,14,13,13], "texture": "#turbines" } } },
{ "from": [2,8,3], "to": [6,8,5], "faces": { "down":  { "uv": [2,13,6,11], "texture": "#turbines" } } },
{ "from": [10,8,3], "to": [14,8,5], "faces": { "down":  { "uv": [10,13,14,11], "texture": "#turbines" } } },
{ "from": [11,8,13], "to": [13,8,14], "faces": { "down":  { "uv": [11,3,13,2], "texture": "#turbines" } } },
{ "from": [3,8,13], "to": [5,8,14], "faces": { "down":  { "uv": [3,3,5,2], "texture": "#turbines" } } },
{ "from": [3,8,5], "to": [5,8,6], "faces": { "down":  { "uv": [3,11,5,10], "texture": "#turbines" } } },
{ "from": [10,8,11], "to": [14,8,13], "faces": { "down":  { "uv": [10,5,14,3], "texture": "#turbines" } } },
{ "from": [11,8,5], "to": [13,8,6], "faces": { "down":  { "uv": [11,11,13,10], "texture": "#turbines" } } },
{ "from": [2,8,11], "to": [6,8,13], "faces": { "down":  { "uv": [2,5,6,3], "texture": "#turbines" } } },
{ "from": [11,8,10], "to": [13,8,11], "faces": { "down":  { "uv": [11,6,13,5], "texture": "#turbines" } } },
{ "from": [3,8,10], "to": [5,8,11], "faces": { "down":  { "uv": [3,6,5,5], "texture": "#turbines" } } }
],
"display": { "head": { "rotation": [ 0, 180, 0 ], "translation": [ 0, -35, 0 ], "scale": [ 2, 2, 2 ] },
			 "fixed": { "rotation": [ 0, 180, 0 ], "translation": [ 0, 0, 0 ], "scale": [ 1, 1, 1 ] },
			 "gui": { "rotation": [ 20, -30, 0 ], "translation": [ 0, 0, 0 ], "scale": [ 0.8, 0.8, 0.8 ] },
			 "ground": { "rotation": [ 0, 0, 0 ], "translation": [ 0, 0, 0 ], "scale": [ 0.7, 0.7, 0.7 ] },
			 "thirdperson_righthand": { "rotation": [ 0, 180, 0 ], "translation": [ 0, 0, 0 ], "scale": [ 0.7, 0.7, 0.7 ] } } }