{
	"credit": "Made with Blockbench",
	"texture_size": [64, 64],
	"textures": {
		"0": "block/drone_control_tower",
		"particle": "block/drone_control_tower"
	},
	"elements": [
		{
			"from": [0, 0, 0],
			"to": [16, 16, 16],
			"faces": {
				"north": {"uv": [0, 0, 4, 4], "texture": "#0"},
				"east": {"uv": [0, 4, 4, 8], "texture": "#0"},
				"south": {"uv": [4, 4, 8, 8], "texture": "#0"},
				"west": {"uv": [4, 0, 8, 4], "texture": "#0"},
				"up": {"uv": [4, 12, 0, 8], "texture": "#0"},
				"down": {"uv": [8, 8, 4, 12], "texture": "#0"}
			}
		},
		{
			"from": [4, 17, 4],
			"to": [12, 18, 12],
			"rotation": {"angle": 0, "axis": "y", "origin": [8, 17, 8]},
			"faces": {
				"north": {"uv": [12, 5.25, 14, 5.5], "texture": "#0"},
				"east": {"uv": [12, 5.5, 14, 5.75], "texture": "#0"},
				"south": {"uv": [12, 5.75, 14, 6], "texture": "#0"},
				"west": {"uv": [12, 6, 14, 6.25], "texture": "#0"},
				"up": {"uv": [10, 5, 8, 3], "texture": "#0"},
				"down": {"uv": [10, 5, 8, 7], "texture": "#0"}
			}
		},
		{
			"from": [2, 16, 2],
			"to": [14, 17, 14],
			"rotation": {"angle": 0, "axis": "y", "origin": [8, 16, 8]},
			"faces": {
				"north": {"uv": [8, 7, 11, 7.25], "texture": "#0"},
				"east": {"uv": [8, 7.25, 11, 7.5], "texture": "#0"},
				"south": {"uv": [8, 7.5, 11, 7.75], "texture": "#0"},
				"west": {"uv": [8, 7.75, 11, 8], "texture": "#0"},
				"up": {"uv": [11, 11, 8, 8], "texture": "#0"},
				"down": {"uv": [11, 0, 8, 3], "texture": "#0"}
			}
		},
		{
			"from": [4, 19, 4],
			"to": [12, 20, 12],
			"rotation": {"angle": 0, "axis": "y", "origin": [8, 19, 8]},
			"faces": {
				"north": {"uv": [12, 6.25, 14, 6.5], "texture": "#0"},
				"east": {"uv": [12, 6.5, 14, 6.75], "texture": "#0"},
				"south": {"uv": [12, 6.75, 14, 7], "texture": "#0"},
				"west": {"uv": [12, 11, 14, 11.25], "texture": "#0"},
				"up": {"uv": [12, 5, 10, 3], "texture": "#0"},
				"down": {"uv": [12, 5, 10, 7], "texture": "#0"}
			}
		},
		{
			"from": [4, 21, 4],
			"to": [12, 22, 12],
			"rotation": {"angle": 0, "axis": "y", "origin": [8, 21, 8]},
			"faces": {
				"north": {"uv": [12, 11.25, 14, 11.5], "texture": "#0"},
				"east": {"uv": [12, 11.5, 14, 11.75], "texture": "#0"},
				"south": {"uv": [12, 11.75, 14, 12], "texture": "#0"},
				"west": {"uv": [8, 13, 10, 13.25], "texture": "#0"},
				"up": {"uv": [10, 13, 8, 11], "texture": "#0"},
				"down": {"uv": [12, 11, 10, 13], "texture": "#0"}
			}
		},
		{
			"from": [4, 23, 4],
			"to": [12, 24, 12],
			"rotation": {"angle": 0, "axis": "y", "origin": [8, 23, 8]},
			"faces": {
				"north": {"uv": [10, 13, 12, 13.25], "texture": "#0"},
				"east": {"uv": [13, 0, 15, 0.25], "texture": "#0"},
				"south": {"uv": [13, 0.25, 15, 0.5], "texture": "#0"},
				"west": {"uv": [13, 0.5, 15, 0.75], "texture": "#0"},
				"up": {"uv": [13, 2, 11, 0], "texture": "#0"},
				"down": {"uv": [13, 7, 11, 9], "texture": "#0"}
			}
		},
		{
			"from": [5, 30, 5],
			"to": [11, 31, 11],
			"rotation": {"angle": 0, "axis": "y", "origin": [8, 30, 8]},
			"faces": {
				"north": {"uv": [11, 10.5, 12.5, 10.75], "texture": "#0"},
				"east": {"uv": [11, 10.75, 12.5, 11], "texture": "#0"},
				"south": {"uv": [13, 0.75, 14.5, 1], "texture": "#0"},
				"west": {"uv": [13, 1, 14.5, 1.25], "texture": "#0"},
				"up": {"uv": [3, 13.5, 1.5, 12], "texture": "#0"},
				"down": {"uv": [4.5, 12, 3, 13.5], "texture": "#0"}
			}
		},
		{
			"from": [5, 18, 5],
			"to": [11, 23, 11],
			"rotation": {"angle": 0, "axis": "y", "origin": [8, 23, 8]},
			"faces": {
				"north": {"uv": [4.5, 12, 6, 13.25], "texture": "#0"},
				"east": {"uv": [6, 12, 7.5, 13.25], "texture": "#0"},
				"south": {"uv": [12, 12, 13.5, 13.25], "texture": "#0"},
				"west": {"uv": [12, 2, 13.5, 3.25], "texture": "#0"},
				"up": {"uv": [12.5, 10.5, 11, 9], "texture": "#0"},
				"down": {"uv": [1.5, 12, 0, 13.5], "texture": "#0"}
			}
		},
		{
			"from": [7, 24, 7],
			"to": [9, 32, 9],
			"rotation": {"angle": 0, "axis": "y", "origin": [8, 29, 8]},
			"faces": {
				"north": {"uv": [7.5, 12, 8, 14], "texture": "#0"},
				"east": {"uv": [12, 3.25, 12.5, 5.25], "texture": "#0"},
				"south": {"uv": [12.5, 3.25, 13, 5.25], "texture": "#0"},
				"west": {"uv": [12.5, 9, 13, 11], "texture": "#0"},
				"up": {"uv": [11.5, 2.5, 11, 2], "texture": "#0"},
				"down": {"uv": [11.5, 2.5, 11, 3], "texture": "#0"}
			}
		}
	],
	"display": {
		"thirdperson_righthand": {
			"rotation": [75, 45, 0],
			"translation": [0, 2.5, 0],
			"scale": [0.375, 0.375, 0.375]
		},
		"thirdperson_lefthand": {
			"rotation": [75, 45, 0],
			"translation": [0, 2.5, 0],
			"scale": [0.375, 0.375, 0.375]
		},
		"firstperson_righthand": {
			"rotation": [0, 45, 0],
			"scale": [0.4, 0.4, 0.4]
		},
		"firstperson_lefthand": {
			"rotation": [0, 225, 0],
			"scale": [0.4, 0.4, 0.4]
		},
		"ground": {
			"translation": [0, 3, 0],
			"scale": [0.25, 0.25, 0.25]
		},
		"gui": {
			"rotation": [30, 225, 0],
			"translation": [0, -2, 0],
			"scale": [0.45, 0.45, 0.45]
		},
		"head": {
			"translation": [0, -6.25, 0],
			"scale": [2.29, 2.29, 2.29]
		},
		"fixed": {
			"scale": [0.5, 0.5, 0.5]
		}
	}
}