{ "source": "[120, -38, 99, 98, 19, -56, -51, -52, 75, 77, 46, 74, 76, 43, 81, 53, 118, 76, -52, 44, -78, 103, 80, 68, 22, 73, -50, -49, 75, 46, 74, 45, 73, -75, 79, -50, -49, -55, 47, -78, 45, -50, -52, 41, 75, 45, 98, -112, -57, -93, 36, -67, 40, -79, -110, 65, 1, -113, -126, -92, -100, -60, -28, 108, 6, 57, 60, 42, -118, 82, 83, -16, -102, 80, -98, -111, 89, -110, -54, -80, -125, -87, -121, -99, -127, -127, -127, 5, 8, 97, -128, 24, 54, 113, -96, 5, -119, -123, -52, -34, 2, 103, -101, -32, -76, -117, 24, -45, 91, -112, -44, 51, -62, -39, -70, 12, 107, -111, -40, -70, 112, 54, 35, -119, 126, 105, 65, 82, -61, -120, 36, -114, -53, 124, 100, 85, -93, -26, 83, -61, 124, -38, -58, 47, -83, -45, 39, 50, 32, 58, 127, 1, 0, 5, -73, 86, -74]",
"textures": {"1720099622": "minecraft:block/white_concrete",
"37296778": "minecraft:block/red_concrete",
"1569218941": "minecraft:block/light_gray_concrete",
"79710837": "minecraft:block/gray_concrete",
"450708442": "minecraft:block/black_concrete"},
"elements": [
{ "from": [0,6,5], "to": [0,10,11], "faces": { "west":  { "uv": [5,6,11,10], "texture": "#1720099622", "cullface": "west" } } },
{ "from": [2,6,5], "to": [2,7,11], "faces": { "east":  { "uv": [5,9,11,10], "texture": "#1720099622" } } },
{ "from": [2,8,5], "to": [2,10,11], "faces": { "east":  { "uv": [5,6,11,8], "texture": "#1720099622" } } },
{ "from": [1,10,5], "to": [2,10,6], "faces": { "up":  { "uv": [1,5,2,6], "texture": "#1720099622" } } },
{ "from": [0,10,6], "to": [2,10,10], "faces": { "up":  { "uv": [0,6,2,10], "texture": "#1720099622" } } },
{ "from": [1,10,10], "to": [2,10,11], "faces": { "up":  { "uv": [1,10,2,11], "texture": "#1720099622" } } },
{ "from": [1,6,5], "to": [2,6,6], "faces": { "down":  { "uv": [1,10,2,11], "texture": "#1720099622" } } },
{ "from": [0,6,6], "to": [2,6,10], "faces": { "down":  { "uv": [0,6,2,10], "texture": "#1720099622" } } },
{ "from": [1,6,10], "to": [2,6,11], "faces": { "down":  { "uv": [1,5,2,6], "texture": "#1720099622" } } },
{ "from": [1,6,11], "to": [2,7,11], "faces": { "south":  { "uv": [1,9,2,10], "texture": "#1720099622" } } },
{ "from": [1,9,11], "to": [2,10,11], "faces": { "south":  { "uv": [1,6,2,7], "texture": "#1720099622" } } },
{ "from": [1,6,5], "to": [2,7,5], "faces": { "north":  { "uv": [14,9,15,10], "texture": "#1720099622" } } },
{ "from": [1,9,5], "to": [2,10,5], "faces": { "north":  { "uv": [14,6,15,7], "texture": "#1720099622" } } },
{ "from": [0,5,5], "to": [0,6,6], "faces": { "west":  { "uv": [5,10,6,11], "texture": "#37296778", "cullface": "west" } } },
{ "from": [0,10,5], "to": [0,11,6], "faces": { "west":  { "uv": [5,5,6,6], "texture": "#37296778", "cullface": "west" } } },
{ "from": [0,4,6], "to": [0,5,10], "faces": { "west":  { "uv": [6,11,10,12], "texture": "#37296778", "cullface": "west" } } },
{ "from": [0,11,6], "to": [0,12,10], "faces": { "west":  { "uv": [6,4,10,5], "texture": "#37296778", "cullface": "west" } } },
{ "from": [0,5,10], "to": [0,6,11], "faces": { "west":  { "uv": [10,10,11,11], "texture": "#37296778", "cullface": "west" } } },
{ "from": [0,10,10], "to": [0,11,11], "faces": { "west":  { "uv": [10,5,11,6], "texture": "#37296778", "cullface": "west" } } },
{ "from": [1,5,5], "to": [1,6,6], "faces": { "east":  { "uv": [10,10,11,11], "texture": "#37296778" } } },
{ "from": [1,10,5], "to": [1,11,6], "faces": { "east":  { "uv": [10,5,11,6], "texture": "#37296778" } } },
{ "from": [1,4,6], "to": [1,5,10], "faces": { "east":  { "uv": [6,11,10,12], "texture": "#37296778" } } },
{ "from": [1,11,6], "to": [1,12,10], "faces": { "east":  { "uv": [6,4,10,5], "texture": "#37296778" } } },
{ "from": [1,5,10], "to": [1,6,11], "faces": { "east":  { "uv": [5,10,6,11], "texture": "#37296778" } } },
{ "from": [1,10,10], "to": [1,11,11], "faces": { "east":  { "uv": [5,5,6,6], "texture": "#37296778" } } },
{ "from": [0,5,6], "to": [1,5,10], "faces": { "up":  { "uv": [0,6,1,10], "texture": "#37296778" } } },
{ "from": [0,11,6], "to": [1,11,10], "faces": { "down":  { "uv": [0,6,1,10], "texture": "#37296778" } } },
{ "from": [0,5,6], "to": [1,6,6], "faces": { "south":  { "uv": [0,10,1,11], "texture": "#37296778" } } },
{ "from": [0,10,6], "to": [1,11,6], "faces": { "south":  { "uv": [0,5,1,6], "texture": "#37296778" } } },
{ "from": [0,5,10], "to": [1,6,10], "faces": { "north":  { "uv": [15,10,16,11], "texture": "#37296778" } } },
{ "from": [0,10,10], "to": [1,11,10], "faces": { "north":  { "uv": [15,5,16,6], "texture": "#37296778" } } },
{ "from": [0,4,3], "to": [0,12,4], "faces": { "west":  { "uv": [3,4,4,12], "texture": "#1569218941", "cullface": "west" } } },
{ "from": [0,3,4], "to": [0,13,5], "faces": { "west":  { "uv": [4,3,5,13], "texture": "#1569218941", "cullface": "west" } } },
{ "from": [0,2,5], "to": [0,5,6], "faces": { "west":  { "uv": [5,11,6,14], "texture": "#1569218941", "cullface": "west" } } },
{ "from": [0,11,5], "to": [0,14,6], "faces": { "west":  { "uv": [5,2,6,5], "texture": "#1569218941", "cullface": "west" } } },
{ "from": [0,2,6], "to": [0,4,10], "faces": { "west":  { "uv": [6,12,10,14], "texture": "#1569218941", "cullface": "west" } } },
{ "from": [0,4,12], "to": [0,12,13], "faces": { "west":  { "uv": [12,4,13,12], "texture": "#1569218941", "cullface": "west" } } },
{ "from": [0,12,6], "to": [0,14,10], "faces": { "west":  { "uv": [6,2,10,4], "texture": "#1569218941", "cullface": "west" } } },
{ "from": [0,3,11], "to": [0,13,12], "faces": { "west":  { "uv": [11,3,12,13], "texture": "#1569218941", "cullface": "west" } } },
{ "from": [0,2,10], "to": [0,5,11], "faces": { "west":  { "uv": [10,11,11,14], "texture": "#1569218941", "cullface": "west" } } },
{ "from": [0,11,10], "to": [0,14,11], "faces": { "west":  { "uv": [10,2,11,5], "texture": "#1569218941", "cullface": "west" } } },
{ "from": [1,4,3], "to": [1,12,4], "faces": { "east":  { "uv": [12,4,13,12], "texture": "#1569218941" } } },
{ "from": [1,3,4], "to": [1,7,5], "faces": { "east":  { "uv": [11,9,12,13], "texture": "#1569218941" } } },
{ "from": [1,9,4], "to": [1,13,5], "faces": { "east":  { "uv": [11,3,12,7], "texture": "#1569218941" } } },
{ "from": [1,2,5], "to": [1,5,6], "faces": { "east":  { "uv": [10,11,11,14], "texture": "#1569218941" } } },
{ "from": [1,11,5], "to": [1,14,6], "faces": { "east":  { "uv": [10,2,11,5], "texture": "#1569218941" } } },
{ "from": [1,2,6], "to": [1,4,10], "faces": { "east":  { "uv": [6,12,10,14], "texture": "#1569218941" } } },
{ "from": [1,12,6], "to": [1,14,10], "faces": { "east":  { "uv": [6,2,10,4], "texture": "#1569218941" } } },
{ "from": [1,4,12], "to": [1,12,13], "faces": { "east":  { "uv": [3,4,4,12], "texture": "#1569218941" } } },
{ "from": [1,11,10], "to": [1,14,11], "faces": { "east":  { "uv": [5,2,6,5], "texture": "#1569218941" } } },
{ "from": [1,2,10], "to": [1,5,11], "faces": { "east":  { "uv": [5,11,6,14], "texture": "#1569218941" } } },
{ "from": [1,9,11], "to": [1,13,12], "faces": { "east":  { "uv": [4,3,5,7], "texture": "#1569218941" } } },
{ "from": [1,3,11], "to": [1,7,12], "faces": { "east":  { "uv": [4,9,5,13], "texture": "#1569218941" } } },
{ "from": [0,12,3], "to": [1,12,4], "faces": { "up":  { "uv": [0,3,1,4], "texture": "#1569218941" } } },
{ "from": [0,12,12], "to": [1,12,13], "faces": { "up":  { "uv": [0,12,1,13], "texture": "#1569218941" } } },
{ "from": [0,13,4], "to": [1,13,5], "faces": { "up":  { "uv": [0,4,1,5], "texture": "#1569218941" } } },
{ "from": [0,13,11], "to": [1,13,12], "faces": { "up":  { "uv": [0,11,1,12], "texture": "#1569218941" } } },
{ "from": [0,14,5], "to": [1,14,11], "faces": { "up":  { "uv": [0,5,1,11], "texture": "#1569218941" } } },
{ "from": [0,2,5], "to": [1,2,11], "faces": { "down":  { "uv": [0,5,1,11], "texture": "#1569218941" } } },
{ "from": [0,3,4], "to": [1,3,5], "faces": { "down":  { "uv": [0,11,1,12], "texture": "#1569218941" } } },
{ "from": [0,3,11], "to": [1,3,12], "faces": { "down":  { "uv": [0,4,1,5], "texture": "#1569218941" } } },
{ "from": [0,4,3], "to": [1,4,4], "faces": { "down":  { "uv": [0,12,1,13], "texture": "#1569218941" } } },
{ "from": [0,4,12], "to": [1,4,13], "faces": { "down":  { "uv": [0,3,1,4], "texture": "#1569218941" } } },
{ "from": [0,2,11], "to": [1,3,11], "faces": { "south":  { "uv": [0,13,1,14], "texture": "#1569218941" } } },
{ "from": [0,13,11], "to": [1,14,11], "faces": { "south":  { "uv": [0,2,1,3], "texture": "#1569218941" } } },
{ "from": [0,3,12], "to": [1,4,12], "faces": { "south":  { "uv": [0,12,1,13], "texture": "#1569218941" } } },
{ "from": [0,12,12], "to": [1,13,12], "faces": { "south":  { "uv": [0,3,1,4], "texture": "#1569218941" } } },
{ "from": [0,4,13], "to": [1,12,13], "faces": { "south":  { "uv": [0,4,1,12], "texture": "#1569218941" } } },
{ "from": [0,4,3], "to": [1,12,3], "faces": { "north":  { "uv": [15,4,16,12], "texture": "#1569218941" } } },
{ "from": [0,3,4], "to": [1,4,4], "faces": { "north":  { "uv": [15,12,16,13], "texture": "#1569218941" } } },
{ "from": [0,12,4], "to": [1,13,4], "faces": { "north":  { "uv": [15,3,16,4], "texture": "#1569218941" } } },
{ "from": [0,2,5], "to": [1,3,5], "faces": { "north":  { "uv": [15,13,16,14], "texture": "#1569218941" } } },
{ "from": [0,13,5], "to": [1,14,5], "faces": { "north":  { "uv": [15,2,16,3], "texture": "#1569218941" } } },
{ "from": [3,3,4], "to": [3,8,5], "faces": { "east":  { "uv": [11,8,12,13], "texture": "#79710837" } } },
{ "from": [3,2,5], "to": [3,4,6], "faces": { "east":  { "uv": [10,12,11,14], "texture": "#79710837" } } },
{ "from": [3,7,5], "to": [3,8,11], "faces": { "east":  { "uv": [5,8,11,9], "texture": "#79710837" } } },
{ "from": [3,2,6], "to": [3,3,10], "faces": { "east":  { "uv": [6,13,10,14], "texture": "#79710837" } } },
{ "from": [3,3,11], "to": [3,8,12], "faces": { "east":  { "uv": [4,8,5,13], "texture": "#79710837" } } },
{ "from": [3,2,10], "to": [3,4,11], "faces": { "east":  { "uv": [5,12,6,14], "texture": "#79710837" } } },
{ "from": [2,3,4], "to": [2,7,5], "faces": { "west":  { "uv": [4,9,5,13], "texture": "#79710837" } } },
{ "from": [2,2,5], "to": [2,4,6], "faces": { "west":  { "uv": [5,12,6,14], "texture": "#79710837" } } },
{ "from": [2,2,6], "to": [2,3,10], "faces": { "west":  { "uv": [6,13,10,14], "texture": "#79710837" } } },
{ "from": [2,3,11], "to": [2,7,12], "faces": { "west":  { "uv": [11,9,12,13], "texture": "#79710837" } } },
{ "from": [2,2,10], "to": [2,4,11], "faces": { "west":  { "uv": [10,12,11,14], "texture": "#79710837" } } },
{ "from": [2,3,6], "to": [3,3,10], "faces": { "up":  { "uv": [2,6,3,10], "texture": "#79710837" } } },
{ "from": [2,4,5], "to": [3,4,6], "faces": { "up":  { "uv": [2,5,3,6], "texture": "#79710837" } } },
{ "from": [2,4,10], "to": [3,4,11], "faces": { "up":  { "uv": [2,10,3,11], "texture": "#79710837" } } },
{ "from": [2,8,4], "to": [3,8,12], "faces": { "up":  { "uv": [2,4,3,12], "texture": "#79710837" } } },
{ "from": [2,2,5], "to": [3,2,11], "faces": { "down":  { "uv": [2,5,3,11], "texture": "#79710837" } } },
{ "from": [2,3,4], "to": [3,3,5], "faces": { "down":  { "uv": [2,11,3,12], "texture": "#79710837" } } },
{ "from": [2,3,11], "to": [3,3,12], "faces": { "down":  { "uv": [2,4,3,5], "texture": "#79710837" } } },
{ "from": [2,7,5], "to": [3,7,11], "faces": { "down":  { "uv": [2,5,3,11], "texture": "#79710837" } } },
{ "from": [2,4,5], "to": [3,7,5], "faces": { "south":  { "uv": [2,9,3,12], "texture": "#79710837" } } },
{ "from": [2,3,6], "to": [3,4,6], "faces": { "south":  { "uv": [2,12,3,13], "texture": "#79710837" } } },
{ "from": [2,2,11], "to": [3,3,11], "faces": { "south":  { "uv": [2,13,3,14], "texture": "#79710837" } } },
{ "from": [2,3,12], "to": [3,8,12], "faces": { "south":  { "uv": [2,8,3,13], "texture": "#79710837" } } },
{ "from": [2,3,4], "to": [3,8,4], "faces": { "north":  { "uv": [13,8,14,13], "texture": "#79710837" } } },
{ "from": [2,2,5], "to": [3,3,5], "faces": { "north":  { "uv": [13,13,14,14], "texture": "#79710837" } } },
{ "from": [2,3,10], "to": [3,4,10], "faces": { "north":  { "uv": [13,12,14,13], "texture": "#79710837" } } },
{ "from": [2,4,11], "to": [3,7,11], "faces": { "north":  { "uv": [13,9,14,12], "texture": "#79710837" } } },
{ "from": [2,8,4], "to": [2,9,5], "faces": { "east":  { "uv": [11,7,12,8], "texture": "#450708442" } } },
{ "from": [2,8,11], "to": [2,9,12], "faces": { "east":  { "uv": [4,7,5,8], "texture": "#450708442" } } },
{ "from": [1,9,4], "to": [2,9,5], "faces": { "up":  { "uv": [1,4,2,5], "texture": "#450708442" } } },
{ "from": [1,9,11], "to": [2,9,12], "faces": { "up":  { "uv": [1,11,2,12], "texture": "#450708442" } } },
{ "from": [1,7,4], "to": [2,7,5], "faces": { "down":  { "uv": [1,11,2,12], "texture": "#450708442" } } },
{ "from": [1,7,11], "to": [2,7,12], "faces": { "down":  { "uv": [1,4,2,5], "texture": "#450708442" } } },
{ "from": [1,7,12], "to": [2,9,12], "faces": { "south":  { "uv": [1,7,2,9], "texture": "#450708442" } } },
{ "from": [1,7,4], "to": [2,9,4], "faces": { "north":  { "uv": [14,7,15,9], "texture": "#450708442" } } }
],
"display": { "thirdperson_righthand": { "rotation": [ 0, -90, 0 ], "translation": [ 0, 2, 3 ], "scale": [ 0.5, 0.5, 0.5 ] },
			 "firstperson_righthand": { "rotation": [ 0, -90, 0 ], "translation": [ 0, 2, 3 ], "scale": [ 0.5, 0.5, 0.5 ] },
			 "thirdperson_lefthand": { "rotation": [ 0, 90, 0 ], "translation": [ 0, 2, 3 ], "scale": [ 0.5, 0.5, 0.5 ] },
			 "firstperson_lefthand": { "rotation": [ 0, 90, 0 ], "translation": [ 0, 2, 3 ], "scale": [ 0.5, 0.5, 0.5 ] },
			 "gui": { "rotation": [ 15, -135, 0 ], "translation": [ -5, -1, 0 ], "scale": [ 1, 1, 1 ] },
			 "ground": { "rotation": [ 0, 0, 0 ], "translation": [ 5, 2, 0 ], "scale": [ 0.75, 0.75, 0.75 ] },
			 "head": { "rotation": [ 0, 90, 90 ], "translation": [ 0, -5.6, 0.15 ], "scale": [ 2.375, 2.375, 2.375 ] } } }