{ "source": "[120, -38, 99, 98, 21, -56, -51, -52, 75, 77, 46, 74, 76, 43, 81, 53, 118, 76, -52, 44, -78, 103, -112, 71, 22, 73, -50, -49, 75, 46, 74, 45, 73, -75, 79, -50, -49, -55, 47, -78, 77, 47, 74, -84, 100, 80, -60, -93, -96, 56, 51, -89, 44, -75, 8, -81, 25, 57, -103, -71, -87, 12, 42, -56, 10, -118, 75, 18, -127, -68, -108, -8, -12, -100, -60, -30, 98, 100, 85, 18, 29, -116, 42, 19, 24, 32, -128, 81, -56, 75, -56, 11, -62, 98, 96, 84, -103, -92, 50, 9, -58, 22, -14, 18, 59, 5, 101, 51, -64, 85, -109, 1, 84, 38, 32, -52, 84, -103, -92, 20, -124, 48, 95, 80, -125, -127, 1, 0, 11, 19, 65, -88]",
"textures": {"body2": "minecraft:block/light_gray_concrete",
"indicator": "minecraft:block/lime_concrete",
"glass": "minecraft:block/lime_stained_glass",
"body": "minecraft:block/gray_concrete"},
"elements": [
{ "from": [6,5,0], "to": [10,7,0], "faces": { "north":  { "uv": [6,9,10,11], "texture": "#body2", "cullface": "north" } } },
{ "from": [9,10,0], "to": [10,11,0], "faces": { "north":  { "uv": [6,5,7,6], "texture": "#body2", "cullface": "north" } } },
{ "from": [6,10,0], "to": [7,11,0], "faces": { "north":  { "uv": [9,5,10,6], "texture": "#body2", "cullface": "north" } } },
{ "from": [6,9,0], "to": [10,10,0], "faces": { "north":  { "uv": [6,6,10,7], "texture": "#body2", "cullface": "north" } } },
{ "from": [7,10,1], "to": [7,11,2], "faces": { "east":  { "uv": [14,5,15,6], "texture": "#body2" } } },
{ "from": [10,10,1], "to": [10,11,2], "faces": { "east":  { "uv": [14,5,15,6], "texture": "#body2" } } },
{ "from": [6,10,1], "to": [6,11,2], "faces": { "west":  { "uv": [1,5,2,6], "texture": "#body2" } } },
{ "from": [9,10,1], "to": [9,11,2], "faces": { "west":  { "uv": [1,5,2,6], "texture": "#body2" } } },
{ "from": [7,10,1], "to": [9,10,2], "faces": { "up":  { "uv": [7,1,9,2], "texture": "#body2" } } },
{ "from": [6,11,1], "to": [7,11,2], "faces": { "up":  { "uv": [6,1,7,2], "texture": "#body2" } } },
{ "from": [9,11,1], "to": [10,11,2], "faces": { "up":  { "uv": [9,1,10,2], "texture": "#body2" } } },
{ "from": [9,10,2], "to": [10,11,2], "faces": { "south":  { "uv": [9,5,10,6], "texture": "#body2" } } },
{ "from": [7,8,2], "to": [9,9,2], "faces": { "south":  { "uv": [7,7,9,8], "texture": "#body2" } } },
{ "from": [6,9,2], "to": [10,10,2], "faces": { "south":  { "uv": [6,6,10,7], "texture": "#body2" } } },
{ "from": [6,10,2], "to": [7,11,2], "faces": { "south":  { "uv": [6,5,7,6], "texture": "#body2" } } },
{ "from": [7,10,0], "to": [9,11,0], "faces": { "north":  { "uv": [7,5,9,6], "texture": "#indicator", "cullface": "north" } } },
{ "from": [7,10,1], "to": [9,11,1], "faces": { "south":  { "uv": [7,5,9,6], "texture": "#indicator" } } },
{ "from": [7,11,1], "to": [9,11,2], "faces": { "up":  { "uv": [7,1,9,2], "texture": "#glass" } } },
{ "from": [7,10,2], "to": [9,11,2], "faces": { "south":  { "uv": [7,5,9,6], "texture": "#glass" } } },
{ "from": [6,4,0], "to": [10,5,0], "faces": { "north":  { "uv": [6,11,10,12], "texture": "#body", "cullface": "north" } } },
{ "from": [5,5,0], "to": [6,7,0], "faces": { "north":  { "uv": [10,9,11,11], "texture": "#body", "cullface": "north" } } },
{ "from": [10,5,0], "to": [11,7,0], "faces": { "north":  { "uv": [5,9,6,11], "texture": "#body", "cullface": "north" } } },
{ "from": [6,11,0], "to": [10,12,0], "faces": { "north":  { "uv": [6,4,10,5], "texture": "#body", "cullface": "north" } } },
{ "from": [10,9,0], "to": [11,11,0], "faces": { "north":  { "uv": [5,5,6,7], "texture": "#body", "cullface": "north" } } },
{ "from": [5,7,0], "to": [11,9,0], "faces": { "north":  { "uv": [5,7,11,9], "texture": "#body", "cullface": "north" } } },
{ "from": [5,9,0], "to": [6,11,0], "faces": { "north":  { "uv": [10,5,11,7], "texture": "#body", "cullface": "north" } } },
{ "from": [10,4,0], "to": [10,5,1], "faces": { "east":  { "uv": [15,11,16,12], "texture": "#body" } } },
{ "from": [10,11,0], "to": [10,12,1], "faces": { "east":  { "uv": [15,4,16,5], "texture": "#body" } } },
{ "from": [10,5,1], "to": [10,6,2], "faces": { "east":  { "uv": [14,10,15,11], "texture": "#body" } } },
{ "from": [11,5,0], "to": [11,11,1], "faces": { "east":  { "uv": [15,5,16,11], "texture": "#body" } } },
{ "from": [11,6,1], "to": [11,10,2], "faces": { "east":  { "uv": [14,6,15,10], "texture": "#body" } } },
{ "from": [5,5,0], "to": [5,11,1], "faces": { "west":  { "uv": [0,5,1,11], "texture": "#body" } } },
{ "from": [5,6,1], "to": [5,10,2], "faces": { "west":  { "uv": [1,6,2,10], "texture": "#body" } } },
{ "from": [6,4,0], "to": [6,5,1], "faces": { "west":  { "uv": [0,11,1,12], "texture": "#body" } } },
{ "from": [6,11,0], "to": [6,12,1], "faces": { "west":  { "uv": [0,4,1,5], "texture": "#body" } } },
{ "from": [6,5,1], "to": [6,6,2], "faces": { "west":  { "uv": [1,10,2,11], "texture": "#body" } } },
{ "from": [5,10,1], "to": [6,10,2], "faces": { "up":  { "uv": [5,1,6,2], "texture": "#body" } } },
{ "from": [10,10,1], "to": [11,10,2], "faces": { "up":  { "uv": [10,1,11,2], "texture": "#body" } } },
{ "from": [5,11,0], "to": [6,11,1], "faces": { "up":  { "uv": [5,0,6,1], "texture": "#body" } } },
{ "from": [10,11,0], "to": [11,11,1], "faces": { "up":  { "uv": [10,0,11,1], "texture": "#body" } } },
{ "from": [6,12,0], "to": [10,12,1], "faces": { "up":  { "uv": [6,0,10,1], "texture": "#body" } } },
{ "from": [6,4,0], "to": [10,4,1], "faces": { "down":  { "uv": [6,15,10,16], "texture": "#body" } } },
{ "from": [5,5,0], "to": [6,5,1], "faces": { "down":  { "uv": [5,15,6,16], "texture": "#body" } } },
{ "from": [10,5,0], "to": [11,5,1], "faces": { "down":  { "uv": [10,15,11,16], "texture": "#body" } } },
{ "from": [6,5,1], "to": [10,5,2], "faces": { "down":  { "uv": [6,14,10,15], "texture": "#body" } } },
{ "from": [5,6,1], "to": [6,6,2], "faces": { "down":  { "uv": [5,14,6,15], "texture": "#body" } } },
{ "from": [10,6,1], "to": [11,6,2], "faces": { "down":  { "uv": [10,14,11,15], "texture": "#body" } } },
{ "from": [6,4,1], "to": [10,5,1], "faces": { "south":  { "uv": [6,11,10,12], "texture": "#body" } } },
{ "from": [5,5,1], "to": [6,6,1], "faces": { "south":  { "uv": [5,10,6,11], "texture": "#body" } } },
{ "from": [10,5,1], "to": [11,6,1], "faces": { "south":  { "uv": [10,10,11,11], "texture": "#body" } } },
{ "from": [5,10,1], "to": [6,11,1], "faces": { "south":  { "uv": [5,5,6,6], "texture": "#body" } } },
{ "from": [10,10,1], "to": [11,11,1], "faces": { "south":  { "uv": [10,5,11,6], "texture": "#body" } } },
{ "from": [6,11,1], "to": [10,12,1], "faces": { "south":  { "uv": [6,4,10,5], "texture": "#body" } } },
{ "from": [6,5,2], "to": [10,6,2], "faces": { "south":  { "uv": [6,10,10,11], "texture": "#body" } } },
{ "from": [5,6,2], "to": [11,8,2], "faces": { "south":  { "uv": [5,8,11,10], "texture": "#body" } } },
{ "from": [5,8,2], "to": [7,9,2], "faces": { "south":  { "uv": [5,7,7,8], "texture": "#body" } } },
{ "from": [9,8,2], "to": [11,9,2], "faces": { "south":  { "uv": [9,7,11,8], "texture": "#body" } } },
{ "from": [5,9,2], "to": [6,10,2], "faces": { "south":  { "uv": [5,6,6,7], "texture": "#body" } } },
{ "from": [10,9,2], "to": [11,10,2], "faces": { "south":  { "uv": [10,6,11,7], "texture": "#body" } } }
],
"display": { "thirdperson_righthand": { "rotation": [ 0, 0, 0 ], "translation": [ 0, 1, 4 ], "scale": [ 0.6, 0.6, 0.6 ] },
			 "firstperson_righthand": { "rotation": [ 0, 0, 0 ], "translation": [ 0, 1, 4 ], "scale": [ 0.6, 0.6, 0.6 ] },
			 "thirdperson_lefthand": { "rotation": [ 0, 0, 0 ], "translation": [ 0, 1, 4 ], "scale": [ 0.6, 0.6, 0.6 ] },
			 "firstperson_lefthand": { "rotation": [ 0, 0, 0 ], "translation": [ 0, 1, 4 ], "scale": [ 0.6, 0.6, 0.6 ] },
			 "gui": { "rotation": [ 15, -25, 0 ], "translation": [ -3.75, -2, 0 ], "scale": [ 1.25, 1.25, 1.25 ] },
			 "ground": { "rotation": [ 0, 0, 0 ], "translation": [ 0, 0, 5 ], "scale": [ 0.75, 0.75, 0.75 ] },
			 "head": { "rotation": [ 90, 180, 0 ], "translation": [ 0, -5.4, 0.05 ], "scale": [ 2.42, 2.42, 2.42 ] } } }