{ "source": "[120, -38, 99, 98, 22, -56, -51, -52, 75, 77, 46, 74, 76, 43, 81, 53, 118, 76, -52, 44, -78, 103, -48, 68, 22, 41, 46, -55, -49, 75, -75, 47, 75, 44, -54, 76, -52, 43, -79, 45, -50, -51, -49, 47, -55, -120, 79, -52, 75, 73, 45, -50, 44, 73, 101, 80, 64, 86, -102, -100, -97, -105, 92, -108, 90, -110, 106, -97, -100, -97, -109, 95, 100, 91, -98, 1, 82, -63, -78, -124, -111, 49, 52, -44, -127, 28, -52, 0, 5, -108, -22, 7, -125, 69, 93, 16, -116, -125, 13, 0, 110, -33, 68, 36]",
"textures": {"base": "minecraft:block/white_concrete",
			 "buttons": "minecraft:block/polished_andesite",
			 "panel": "minecraft:block/keypad_panel"},
"elements": [
	{ 	"from": [3,1,0],
		"to": [13,15,2], 
		"faces": {
			"down":  { "uv": [3,0,13,2], "texture": "#base" },
			"up":    { "uv": [3,0,13,2], "texture": "#base" },
			"north": { "uv": [3,1,13,15], "texture": "#base" },
			"south": { "uv": [3,1,13,15], "texture": "#panel" },
			"east":  { "uv": [0,1,2,15], "texture": "#base" },
			"west":  { "uv": [0,1,2,15], "texture": "#base" }
		}
	},
	{   "from": [ 4, 8, 2 ],
        "to": [ 6, 10, 3 ],
        "faces": {
            "down":  { "uv": [4,2,6,3], "texture": "#buttons" },
            "up":    { "uv": [4,2,6,3], "texture": "#buttons" },
            "north": { "uv": [4,8,6,10], "texture": "#buttons" },
            "south": { "uv": [4,8,6,10], "texture": "#buttons" },
            "west":  { "uv": [2,8,3,10], "texture": "#buttons" },
            "east":  { "uv": [2,8,3,10], "texture": "#buttons" }
        }
    },
	{   "from": [ 7, 8, 2 ],
        "to": [ 9, 10, 3 ],
        "faces": {
            "down":  { "uv": [7,2,9,3], "texture": "#buttons" },
            "up":    { "uv": [7,2,9,3], "texture": "#buttons" },
            "north": { "uv": [7,8,9,10], "texture": "#buttons" },
            "south": { "uv": [7,8,9,10], "texture": "#buttons" },
            "west":  { "uv": [2,8,3,10], "texture": "#buttons" },
            "east":  { "uv": [2,8,3,10], "texture": "#buttons" }
        }
    },
	{   "from": [ 10, 8, 2 ],
        "to": [ 12, 10, 3 ],
        "faces": {
            "down":  { "uv": [10,2,12,3], "texture": "#buttons" },
            "up":    { "uv": [10,2,12,3], "texture": "#buttons" },
            "north": { "uv": [10,8,12,10], "texture": "#buttons" },
            "south": { "uv": [10,8,12,10], "texture": "#buttons" },
            "west":  { "uv": [2,8,3,10], "texture": "#buttons" },
            "east":  { "uv": [2,8,3,10], "texture": "#buttons" }
        }
    },
	{   "from": [ 4, 5, 2 ],
        "to": [ 6, 7, 3 ],
        "faces": {
            "down":  { "uv": [4,2,6,3], "texture": "#buttons" },
            "up":    { "uv": [4,2,6,3], "texture": "#buttons" },
            "north": { "uv": [4,5,6,7], "texture": "#buttons" },
            "south": { "uv": [4,5,6,7], "texture": "#buttons" },
            "west":  { "uv": [3,5,3,7], "texture": "#buttons" },
            "east":  { "uv": [3,5,3,7], "texture": "#buttons" }
        }
    },
	{   "from": [ 7, 5, 2 ],
        "to": [ 9, 7, 3 ],
        "faces": {
            "down":  { "uv": [7,2,9,3], "texture": "#buttons" },
            "up":    { "uv": [7,2,9,3], "texture": "#buttons" },
            "north": { "uv": [7,5,9,7], "texture": "#buttons" },
            "south": { "uv": [7,5,9,7], "texture": "#buttons" },
            "west":  { "uv": [2,5,3,7], "texture": "#buttons" },
            "east":  { "uv": [2,5,3,7], "texture": "#buttons" }
        }
    },
	{   "from": [ 10, 5, 2 ],
        "to": [ 12, 7, 3 ],
        "faces": {
            "down":  { "uv": [10,2,12,3], "texture": "#buttons" },
            "up":    { "uv": [10,2,12,3], "texture": "#buttons" },
            "north": { "uv": [10,5,12,7], "texture": "#buttons" },
            "south": { "uv": [10,5,12,7], "texture": "#buttons" },
            "west":  { "uv": [2,5,3,7], "texture": "#buttons" },
            "east":  { "uv": [2,5,3,7], "texture": "#buttons" }
        }
    },
	{   "from": [ 4, 2, 2 ],
        "to": [ 6, 4, 3 ],
        "faces": {
            "down":  { "uv": [4,2,6,3], "texture": "#buttons" },
            "up":    { "uv": [4,2,6,3], "texture": "#buttons" },
            "north": { "uv": [4,2,6,4], "texture": "#buttons" },
            "south": { "uv": [4,2,6,4], "texture": "#buttons" },
            "west":  { "uv": [2,2,3,4], "texture": "#buttons" },
            "east":  { "uv": [2,2,3,4], "texture": "#buttons" }
        }
    },
	{   "from": [ 7, 2, 2 ],
        "to": [ 9, 4, 3 ],
        "faces": {
            "down":  { "uv": [7,2,9,3], "texture": "#buttons" },
            "up":    { "uv": [7,2,9,3], "texture": "#buttons" },
            "north": { "uv": [7,2,9,4], "texture": "#buttons" },
            "south": { "uv": [7,2,9,4], "texture": "#buttons" },
            "west":  { "uv": [2,2,3,4], "texture": "#buttons" },
            "east":  { "uv": [2,2,3,4], "texture": "#buttons" }
        }
    },
	{   "from": [ 10, 2, 2 ],
        "to": [ 12, 4, 3 ],
        "faces": {
            "down":  { "uv": [10,2,12,3], "texture": "#buttons" },
            "up":    { "uv": [10,2,12,3], "texture": "#buttons" },
            "north": { "uv": [10,2,12,4], "texture": "#buttons" },
            "south": { "uv": [10,2,12,4], "texture": "#buttons" },
            "west":  { "uv": [2,2,3,4], "texture": "#buttons" },
            "east":  { "uv": [2,2,3,4], "texture": "#buttons" }
        }
    }
],
"display": { "thirdperson_righthand": { "rotation": [ 0, 0, 0 ], "translation": [ 0, 2, 3 ], "scale": [ 0.5, 0.5, 0.5 ] },
			 "firstperson_righthand": { "rotation": [ 0, 0, 0 ], "translation": [ 0, 2, 3 ], "scale": [ 0.5, 0.5, 0.5 ] },
			 "thirdperson_lefthand": { "rotation": [ 0, 0, 0 ], "translation": [ 0, 2, 3 ], "scale": [ 0.5, 0.5, 0.5 ] },
			 "firstperson_lefthand": { "rotation": [ 0, 0, 0 ], "translation": [ 0, 2, 3 ], "scale": [ 0.5, 0.5, 0.5 ] },
			 "gui": { "rotation": [ 15, -45, 0 ], "translation": [ -5, -1, 0 ], "scale": [ 0.825, 0.825, 0.825 ] },
			 "ground": { "rotation": [ 0, 0, 0 ], "translation": [ 0, 0, 5 ], "scale": [ 0.75, 0.75, 0.75 ] },
			 "head": { "rotation": [ 90, 180, 0 ], "translation": [ 0, -6.15, -0.3 ], "scale": [ 2.32, 2.32, 2.32 ] } } }