{
	"credit": "Made with Blockbench",
	"texture_size": [48, 48],
	"textures": {
		"0": "block/turret",
		"particle": "block/turret"
	},
	"elements": [
		{
			"name": "swivel",
			"from": [5, 1, 5],
			"to": [11, 3, 11],
			"rotation": {"angle": 0, "axis": "y", "origin": [13, 9, 13]},
			"faces": {
				"north": {"uv": [8.33333, 9.33333, 10.33333, 10], "texture": "#0"},
				"east": {"uv": [9.33333, 1.33333, 11.33333, 2], "texture": "#0"},
				"south": {"uv": [9.33333, 2, 11.33333, 2.66667], "texture": "#0"},
				"west": {"uv": [9.33333, 2.66667, 11.33333, 3.33333], "texture": "#0"},
				"up": {"uv": [8, 2, 6, 0], "texture": "#0"},
				"down": {"uv": [8, 2, 6, 4], "texture": "#0"}
			}
		},
		{
			"name": "head_mount1",
			"from": [3, 3, 3],
			"to": [13, 4, 13],
			"rotation": {"angle": 0, "axis": "y", "origin": [11, 11, 11]},
			"faces": {
				"north": {"uv": [7, 10, 10.33333, 10.33333], "texture": "#0"},
				"east": {"uv": [10, 0, 13.33333, 0.33333], "texture": "#0"},
				"south": {"uv": [10, 0.33333, 13.33333, 0.66667], "texture": "#0"},
				"west": {"uv": [10, 0.66667, 13.33333, 1], "texture": "#0"},
				"up": {"uv": [3.33333, 3.33333, 0, 0], "texture": "#0"},
				"down": {"uv": [3.33333, 3.33333, 0, 6.66667], "texture": "#0"}
			}
		},
		{
			"name": "head_mount2",
			"from": [4, 4, 3],
			"to": [12, 12, 4],
			"faces": {
				"north": {"uv": [3.33333, 3.33333, 6, 6], "texture": "#0"},
				"east": {"uv": [10, 5.33333, 10.33333, 8], "texture": "#0"},
				"south": {"uv": [3.33333, 0, 6, 2.66667], "texture": "#0"},
				"west": {"uv": [7, 10.33333, 7.33333, 13], "texture": "#0"},
				"up": {"uv": [12.66667, 1.33333, 10, 1], "texture": "#0"},
				"down": {"uv": [12.66667, 8, 10, 8.33333], "texture": "#0"}
			}
		},
		{
			"name": "head_mount3",
			"from": [4, 4, 12],
			"to": [12, 12, 13],
			"rotation": {"angle": 0, "axis": "y", "origin": [12, 12, 20]},
			"faces": {
				"north": {"uv": [3.33333, 6, 6, 8.66667], "texture": "#0"},
				"east": {"uv": [7.33333, 10.33333, 7.66667, 13], "texture": "#0"},
				"south": {"uv": [6, 6, 8.66667, 8.66667], "texture": "#0"},
				"west": {"uv": [7.66667, 10.33333, 8, 13], "texture": "#0"},
				"up": {"uv": [12.66667, 8.66667, 10, 8.33333], "texture": "#0"},
				"down": {"uv": [10.66667, 10.33333, 8, 10.66667], "texture": "#0"}
			}
		},
		{
			"name": "head_core",
			"from": [6, 7, 5],
			"to": [10, 11, 11],
			"rotation": {"angle": 0, "axis": "y", "origin": [14, 14, 13]},
			"faces": {
				"north": {"uv": [8.66667, 6, 10, 7.33333], "texture": "#0"},
				"east": {"uv": [0, 8, 2, 9.33333], "texture": "#0"},
				"south": {"uv": [8.66667, 7.33333, 10, 8.66667], "texture": "#0"},
				"west": {"uv": [8, 0, 10, 1.33333], "texture": "#0"},
				"up": {"uv": [3.33333, 10, 2, 8], "texture": "#0"},
				"down": {"uv": [9.33333, 1.33333, 8, 3.33333], "texture": "#0"}
			}
		},
		{
			"name": "joint1",
			"from": [7, 8, 2],
			"to": [9, 10, 14],
			"rotation": {"angle": 0, "axis": "y", "origin": [15, 16, 10]},
			"faces": {
				"north": {"uv": [1.33333, 9.33333, 2, 10], "texture": "#0"},
				"east": {"uv": [6, 5.33333, 10, 6], "texture": "#0"},
				"south": {"uv": [10.33333, 6.66667, 11, 7.33333], "texture": "#0"},
				"west": {"uv": [8, 3.33333, 12, 4], "texture": "#0"},
				"up": {"uv": [4, 12.66667, 3.33333, 8.66667], "texture": "#0"},
				"down": {"uv": [4.66667, 8.66667, 4, 12.66667], "texture": "#0"}
			}
		},
		{
			"name": "joint2",
			"from": [5, 8, 6],
			"to": [12, 10, 10],
			"rotation": {"angle": 0, "axis": "y", "origin": [13, 16, 14]},
			"faces": {
				"north": {"uv": [3.33333, 2.66667, 5.66667, 3.33333], "texture": "#0"},
				"east": {"uv": [10.33333, 5.33333, 11.66667, 6], "texture": "#0"},
				"south": {"uv": [6, 9.33333, 8.33333, 10], "texture": "#0"},
				"west": {"uv": [10.33333, 6, 11.66667, 6.66667], "texture": "#0"},
				"up": {"uv": [8.33333, 5.33333, 6, 4], "texture": "#0"},
				"down": {"uv": [2.33333, 6.66667, 0, 8], "texture": "#0"}
			}
		},
		{
			"name": "pewpew",
			"from": [12, 8, 7],
			"to": [22, 10, 9],
			"rotation": {"angle": 0, "axis": "z", "origin": [8, 9, 8]},
			"faces": {
				"north": {"uv": [8.33333, 4, 11.66667, 4.66667], "texture": "#0"},
				"east": {"uv": [10.33333, 7.33333, 11, 8], "texture": "#0"},
				"south": {"uv": [8.33333, 4.66667, 11.66667, 5.33333], "texture": "#0"},
				"west": {"uv": [10.33333, 9.33333, 11, 10], "texture": "#0"},
				"up": {"uv": [8, 9.33333, 4.66667, 8.66667], "texture": "#0"},
				"down": {"uv": [11.33333, 8.66667, 8, 9.33333], "texture": "#0"}
			}
		},
		{
			"name": "counterweight",
			"from": [2, 7, 6],
			"to": [5, 11, 10],
			"rotation": {"angle": 0, "axis": "y", "origin": [12, 17, 14]},
			"faces": {
				"north": {"uv": [2.33333, 6.66667, 3.33333, 8], "texture": "#0"},
				"east": {"uv": [0, 9.33333, 1.33333, 10.66667], "texture": "#0"},
				"south": {"uv": [1.33333, 10, 2.33333, 11.33333], "texture": "#0"},
				"west": {"uv": [4.66667, 9.33333, 6, 10.66667], "texture": "#0"},
				"up": {"uv": [3.33333, 11.33333, 2.33333, 10], "texture": "#0"},
				"down": {"uv": [7, 10, 6, 11.33333], "texture": "#0"}
			}
		},
		{
			"name": "eye",
			"from": [10, 9, 10],
			"to": [11, 10, 11],
			"rotation": {"angle": 0, "axis": "y", "origin": [18, 17, 18]},
			"faces": {
				"north": {"uv": [5.66667, 2.66667, 6, 3], "texture": "#0"},
				"east": {"uv": [5.66667, 3, 6, 3.33333], "texture": "#0"},
				"south": {"uv": [10.33333, 10, 10.66667, 10.33333], "texture": "#0"},
				"west": {"uv": [0, 10.66667, 0.33333, 11], "texture": "#0"},
				"up": {"uv": [0.66667, 11, 0.33333, 10.66667], "texture": "#0"},
				"down": {"uv": [1, 10.66667, 0.66667, 11], "texture": "#0"}
			}
		}
	],
	"display": {
		"thirdperson_righthand": {
			"rotation": [0, 90, 0]
		},
		"head": {
			"rotation": [0, 90, 0],
			"translation": [0, -12.5, 0],
			"scale": [2.29, 2.29, 2.29]
		},
		"gui": {
			"rotation": [30, 225, 0],
            "translation": [1.5, 0, 0],
            "scale":[0.875, 0.875, 0.875]
		},
		"ground": {
			"rotation": [0, 0, 0],
            "translation": [0, 1.5, 0],
            "scale":[0.5, 0.5, 0.5]
		}
	}
}