{
	"credit": "Made with Blockbench",
	"texture_size": [32, 32],
	"textures": {
		"0": "block/turret_base",
		"particle": "block/turret_base"
	},
	"elements": [
		{
			"name": "base1",
			"from": [0, 0, 4],
			"to": [16, 1, 12],
			"rotation": {"angle": 0, "axis": "y", "origin": [8, 8, 12]},
			"faces": {
				"north": {"uv": [8, 6, 16, 6.5], "texture": "#0"},
				"east": {"uv": [8, 11, 12, 11.5], "texture": "#0"},
				"south": {"uv": [8, 6.5, 16, 7], "texture": "#0"},
				"west": {"uv": [8, 11.5, 12, 12], "texture": "#0"},
				"up": {"uv": [8, 4, 0, 0], "texture": "#0"},
				"down": {"uv": [8, 4, 0, 8], "texture": "#0"}
			}
		},
		{
			"name": "base2",
			"from": [4, 0, 0],
			"to": [12, 1, 4],
			"rotation": {"angle": 0, "axis": "y", "origin": [12, 8, 8]},
			"faces": {
				"north": {"uv": [0, 12, 4, 12.5], "texture": "#0"},
				"east": {"uv": [12, 0, 14, 0.5], "texture": "#0"},
				"south": {"uv": [4, 12, 8, 12.5], "texture": "#0"},
				"west": {"uv": [12, 0.5, 14, 1], "texture": "#0"},
				"up": {"uv": [12, 10, 8, 8], "texture": "#0"},
				"down": {"uv": [12, 0, 8, 2], "texture": "#0"}
			}
		},
		{
			"name": "base3",
			"from": [4, 0, 12],
			"to": [12, 1, 16],
			"rotation": {"angle": 0, "axis": "y", "origin": [12, 8, 20]},
			"faces": {
				"north": {"uv": [8, 12, 12, 12.5], "texture": "#0"},
				"east": {"uv": [12, 1, 14, 1.5], "texture": "#0"},
				"south": {"uv": [12, 12, 16, 12.5], "texture": "#0"},
				"west": {"uv": [12, 1.5, 14, 2], "texture": "#0"},
				"up": {"uv": [12, 4, 8, 2], "texture": "#0"},
				"down": {"uv": [12, 4, 8, 6], "texture": "#0"}
			}
		},
		{
			"from": [4, 1, 4],
			"to": [12, 2, 12],
			"rotation": {"angle": 0, "axis": "y", "origin": [12, 9, 12]},
			"faces": {
				"north": {"uv": [8, 7, 12, 7.5], "texture": "#0"},
				"east": {"uv": [8, 7.5, 12, 8], "texture": "#0"},
				"south": {"uv": [8, 10, 12, 10.5], "texture": "#0"},
				"west": {"uv": [8, 10.5, 12, 11], "texture": "#0"},
				"up": {"uv": [4, 12, 0, 8], "texture": "#0"},
				"down": {"uv": [8, 8, 4, 12], "texture": "#0"}
			}
		}
	],
	"display": {
		"thirdperson_righthand": {
			"rotation": [0, 90, 0]
		},
		"head": {
			"translation": [0, -6.15, 0],
			"scale": [2.29, 2.29, 2.29]
		},
		"gui": {
			"rotation": [30, 225, 0],
            "translation": [0, 2, 0],
            "scale":[0.875, 0.875, 0.875]
		}
	}
}