{
	"credit": "Made with Blockbench",
	"textures": {
		"0": "blockbench/texture_0",
		"particle": "blockbench/texture_0"
	},
	"elements": [
		{
			"from": [6, 15, 6],
			"to": [10, 16, 10],
			"faces": {
				"north": {"uv": [0, 8, 4, 9], "texture": "#0"},
				"east": {"uv": [8, 0, 12, 1], "texture": "#0"},
				"south": {"uv": [8, 1, 12, 2], "texture": "#0"},
				"west": {"uv": [8, 2, 12, 3], "texture": "#0"},
				"up": {"uv": [4, 4, 0, 0], "texture": "#0"},
				"down": {"uv": [4, 4, 0, 8], "texture": "#0"}
			}
		},
		{
			"from": [7.5, 13, 7.5],
			"to": [8.5, 15, 8.5],
			"faces": {
				"north": {"uv": [8, 5, 9, 7], "texture": "#0"},
				"east": {"uv": [6, 8, 7, 10], "texture": "#0"},
				"south": {"uv": [7, 8, 8, 10], "texture": "#0"},
				"west": {"uv": [8, 7, 9, 9], "texture": "#0"},
				"up": {"uv": [1, 10, 0, 9], "texture": "#0"},
				"down": {"uv": [2, 9, 1, 10], "texture": "#0"}
			}
		},
		{
			"from": [7, 9, 5],
			"to": [9, 13, 7],
			"rotation": {"angle": 45, "axis": "x", "origin": [8, 11, 8]},
			"faces": {
				"north": {"uv": [4, 0, 6, 4], "texture": "#0"},
				"east": {"uv": [4, 4, 6, 8], "texture": "#0"},
				"south": {"uv": [6, 0, 8, 4], "texture": "#0"},
				"west": {"uv": [6, 4, 8, 8], "texture": "#0"},
				"up": {"uv": [10, 5, 8, 3], "texture": "#0"},
				"down": {"uv": [3, 10, 0, 13], "texture": "#0"}
			}
		},
		{
			"from": [8.9, 11.4, 5.15],
			"to": [9.15, 11.65, 5.4],
			"rotation": {"angle": -45, "axis": "x", "origin": [9.125, 11.125, 5.875]},
			"faces": {
				"north": {"uv": [0, 14, 0.25, 14.25], "texture": "#0"},
				"east": {"uv": [0, 14, 0.25, 14.25], "texture": "#0"},
				"south": {"uv": [0, 14, 0.25, 14.25], "texture": "#0"},
				"west": {"uv": [0, 14, 0.25, 14.25], "texture": "#0"},
				"up": {"uv": [0, 14, 0.25, 14.25], "texture": "#0"},
				"down": {"uv": [0, 14, 0.25, 14.25], "texture": "#0"}
			}
		}
	],
	"display": {
		"thirdperson_righthand": {
			"rotation": [100, 0, 0],
			"translation": [0, 1.75, -7]
		},
		"thirdperson_lefthand": {
			"rotation": [100, 0, 0],
			"translation": [0, 1.75, -7]
		},
		"firstperson_righthand": {
			"rotation": [1.75, 0, 0],
			"translation": [0, -2.75, 0.5]
		},
		"firstperson_lefthand": {
			"rotation": [1.75, 0, 0],
			"translation": [0, -2.75, 0.5]
		},
		"gui": {
			"rotation": [15.25, -134.75, 0],
			"translation": [0, -10.25, 0],
			"scale": [2, 2, 2]
		},
		"head": {
			"translation": [0, -27.5, 0],
			"scale": [4, 4, 4]
		}
	}
}