{
	"credit": "Made with Blockbench",
	"gui_light": "front",
	"texture_size": [32, 32],
	"textures": {
		"recipe_book": "gui/recipe_template",
		"slot0": "item/recipe_slot0",
		"slot1": "item/recipe_slot1",
		"slot2": "item/recipe_slot2",
		"slot3": "item/recipe_slot3",
		"slot4": "item/recipe_slot4",
		"slot5": "item/recipe_slot5",
		"slot6": "item/recipe_slot6",
		"slot7": "item/recipe_slot7",
		"slot8": "item/recipe_slot8",
		"slot_out": "item/recipe_slot_out"
	},
	"elements": [
		{
			"name": "book",
			"from": [1, 0, 0],
			"to": [14, 0.01, 16],
			"rotation": {"angle": 0, "axis": "x", "origin": [9, 8, 8]},
			"faces": {
				"up": {"uv": [0, 0, 16, 16], "rotation": 180, "texture": "#recipe_book"},
				"down": {"uv": [0, 0, 16, 16], "texture": "#recipe_book"}
			}
		},
		{
			"from": [6.875, 0.01, 3.65],
			"to": [8.3, 0.02, 5.075],
			"rotation": {"angle": 0, "axis": "y", "origin": [15.3, 8, 12.075]},
			"faces": {
				"up": {"uv": [16, 16, 0, 0], "texture": "#slot7"}
			}
		},
		{
			"from": [5.275, 0.01, 3.65],
			"to": [6.7, 0.02, 5.075],
			"rotation": {"angle": 0, "axis": "y", "origin": [13.7, 8, 12.075]},
			"faces": {
				"up": {"uv": [16, 16, 0, 0], "texture": "#slot8"}
			}
		},
		{
			"from": [5.275, 0.01, 5.25],
			"to": [6.7, 0.02, 6.675],
			"rotation": {"angle": 0, "axis": "y", "origin": [13.7, 8, 13.675]},
			"faces": {
				"up": {"uv": [16, 16, 0, 0], "texture": "#slot5"}
			}
		},
		{
			"from": [6.875, 0.01, 5.25],
			"to": [8.3, 0.02, 6.675],
			"rotation": {"angle": 0, "axis": "y", "origin": [15.3, 8, 13.675]},
			"faces": {
				"up": {"uv": [16, 16, 0, 0], "texture": "#slot4"}
			}
		},
		{
			"from": [8.475, 0.01, 5.25],
			"to": [9.9, 0.02, 6.675],
			"rotation": {"angle": 0, "axis": "y", "origin": [16.9, 8, 13.675]},
			"faces": {
				"up": {"uv": [16, 16, 0, 0], "texture": "#slot3"}
			}
		},
		{
			"from": [8.475, 0.01, 6.85],
			"to": [9.9, 0.02, 8.275],
			"rotation": {"angle": 0, "axis": "y", "origin": [16.9, 8, 15.275]},
			"faces": {
				"up": {"uv": [16, 16, 0, 0], "texture": "#slot0"}
			}
		},
		{
			"from": [6.875, 0.01, 6.85],
			"to": [8.3, 0.02, 8.275],
			"rotation": {"angle": 0, "axis": "y", "origin": [15.3, 8, 15.275]},
			"faces": {
				"up": {"uv": [16, 16, 0, 0], "texture": "#slot1"}
			}
		},
		{
			"from": [6.425, 0.01, 11.1],
			"to": [8.75, 0.02, 13.425],
			"rotation": {"angle": 0, "axis": "y", "origin": [15.75, 8, 20.425]},
			"faces": {
				"up": {"uv": [16, 16, 0, 0], "texture": "#slot_out"}
			}
		},
		{
			"from": [5.275, 0.01, 6.85],
			"to": [6.7, 0.02, 8.275],
			"rotation": {"angle": 0, "axis": "y", "origin": [13.7, 8, 15.275]},
			"faces": {
				"up": {"uv": [16, 16, 0, 0], "texture": "#slot2"}
			}
		},
		{
			"from": [8.475, 0.01, 3.65],
			"to": [9.9, 0.02, 5.075],
			"rotation": {"angle": 0, "axis": "y", "origin": [16.9, 8, 12.075]},
			"faces": {
				"up": {"uv": [16, 16, 0, 0], "texture": "#slot6"}
			}
		}
	],
	"display": {
		"thirdperson_righthand": {
			"scale": [0, 0, 0]
		},
		"thirdperson_lefthand": {
			"scale": [0, 0, 0]
		},
		"firstperson_righthand": {
			"rotation": [90, -180, 0],
			"translation": [-9.5, 8.5, 5.5],
			"scale": [1.5, 1.5, 1.5]
		},
		"firstperson_lefthand": {
			"rotation": [90, -180, 0],
			"translation": [-9.5, 8.5, 5.5],
			"scale": [1.5, 1.5, 1.5]
		},
		"ground": {
			"translation": [0, 4.5, 0]
		},
		"gui": {
			"rotation": [-90, 0, -180],
			"translation": [0, 0, 0],
			"scale": [0.9, 0.9, 0.9]
		},
		"fixed": {
			"rotation": [-90, 0, 0],
			"translation": [0, 0, -8]
		}
	}
}