{
"credit": "Made from SimplySarc's custom GUI model",
"gui_light": "front",
"elements": [ 
	{
		"from": [ -16, -16, 15.9375 ],
		"to": [ 32, 32, 16 ],
		"faces": {
			"north": { "uv": [ 11, 16, 0, 5 ], "rotation": 180, "texture": "#texture" },
			"south": { "uv": [ 0, 5, 11, 16 ], "texture": "#texture" }
			}
		}
	],
	"display": {
		"firstperson_lefthand": {
			"rotation": [ 0, 0, 0 ],
			"translation": [ 0, 0, 0 ],
			"scale": [ 0, 0, 0 ]
		},
		"gui": {
			"rotation": [ 0, 0, 0 ],
			"translation": [ 72, 29, -80 ],
			"scale": [ 3.66, 3.66, 3.66 ]
		},
		"ground": {
			"rotation": [ 0, 0, 0 ],
			"translation": [ 0, 0, 0 ],
			"scale": [ 0, 0, 0 ]
		}
	}
}